"","URN","chain_size"
"1","SC059639",13
"2","SC030369",5
"3","SC359275",10
"4","SC034205",7
"5","SC474585",1
"6","SC442279",3
"7","SC470513",7
"8","SC379659",3
"9","SC035239",14
"10","SC035383",6
"11","SC039680",22
"12","SC033371",12
"13","SC038827",17
"14","SC031537",2
"15","SC035454",22
"16","SC036758",6
"17","SC039243",22
"18","SC035780",17
"19","SC375540",8
"20","SC039183",22
"21","SC062937",4
"22","SC034938",6
"23","SC039216",17
"24","SC458115",10
"25","SC039100",17
"26","SC033587",8
"27","SC358206",5
"28","SC065486",2
"29","SC032531",5
"30","SC039134",22
"31","SC007286",5
"32","SC032772",6
"33","SC033664",10
"34","SC033696",10
"35","SC357166",10
"36","SC010769",12
"37","SC035450",22
"38","SC036347",3
"39","SC037330",4
"40","SC043539",5
"41","SC016696",5
"42","SC041018",6
"43","SC062537",2
"44","SC032300",2
"45","SC033539",5
"46","SC033629",9
"47","SC035678",2
"48","SC036504",2
"49","SC033672",10
"50","SC034168",12
"51","SC036774",5
"52","SC394224",1
"53","SC064515",4
"54","SC066549",3
"55","SC031015",5
"56","SC033408",6
"57","SC010762",12
"58","SC032240",3
"59","SC033699",10
"60","SC034825",5
"61","SC037941",12
"62","SC441973",12
"63","SC034609",1
"64","SC034627",1
"65","SC037371",8
"66","SC369144",4
"67","SC369339",8
"68","1244835",2
"69","SC007293",5
"70","SC023644",15
"71","SC031980",1
"72","SC032715",5
"73","SC032723",5
"74","SC032725",5
"75","SC033289",6
"76","SC033441",2
"77","SC033486",13
"78","SC033662",10
"79","SC034643",10
"80","SC034744",7
"81","SC035107",10
"82","SC036260",17
"83","SC037423",12
"84","SC037481",2
"85","SC037923",17
"86","SC038804",5
"87","SC039215",17
"88","SC042037",5
"89","SC044058",1
"90","SC044963",3
"91","SC055357",5
"92","SC061045",6
"93","SC062644",5
"94","SC063167",10
"95","SC064764",5
"96","SC067989",5
"97","SC405649",4
"98","SC458025",15
"99","SC462809",2
"100","1164379",1
"101","1183618",1
"102","1214688",1
"103","1232271",1
"104","1237090",60
"105","1240754",24
"106","1240842",24
"107","1241656",2
"108","1242111",11
"109","1244384",6
"110","1253865",5
"111","1254109",1
"112","1254701",2
"113","1254838",1
"114","1256912",6
"115","SC005039",9
"116","SC008325",8
"117","SC018039",1
"118","SC020682",1
"119","SC032250",6
"120","SC032253",2
"121","SC032517",4
"122","SC033392",3
"123","SC033638",12
"124","SC033698",10
"125","SC034100",10
"126","SC034152",7
"127","SC034652",1
"128","SC034775",6
"129","SC035690",60
"130","SC035972",17
"131","SC035998",10
"132","SC036266",8
"133","SC036275",8
"134","SC036501",2
"135","SC037452",7
"136","SC037467",15
"137","SC038066",4
"138","SC038690",17
"139","SC038750",17
"140","SC038973",3
"141","SC039214",17
"142","SC040505",8
"143","SC042590",1
"144","SC043405",2
"145","SC049714",4
"146","SC058622",6
"147","SC059437",131
"148","SC060118",12
"149","SC060327",1
"150","SC061952",5
"151","SC063054",22
"152","SC063890",131
"153","SC064608",9
"154","SC068067",4
"155","SC068145",131
"156","SC068277",225
"157","SC361206",12
"158","SC361212",12
"159","SC362972",1
"160","SC375136",4
"161","SC391739",131
"162","SC393228",5
"163","SC396777",12
"164","SC399222",7
"165","SC405772",60
"166","SC407326",225
"167","SC411798",131
"168","SC413177",4
"169","SC417360",127
"170","SC417387",127
"171","SC433923",225
"172","SC440170",9
"173","SC441591",1
"174","SC443079",131
"175","SC444352",225
"176","SC448129",5
"177","SC454688",23
"178","SC456405",225
"179","SC457139",225
"180","SC464249",4
"181","SC464532",2
"182","SC464630",2
"183","SC471725",2
"184","SC472060",1
"185","SC476795",127
"186","SC477796",1
"187","SC478707",2
"188","SC479244",15
"189","SC481672",1
"190","SC482790",10
"191","SC484716",4
"192","SC485607",1
"193","SC488081",38
"194","SC489414",127
"195","SC489512",11
"196","SC489660",2
"197","1258887",1
"198","1262878",13
"199","1263623",1
"200","1268051",2
"201","1268757",7
"202","1155768",15
"203","1183494",1
"204","1185768",1
"205","1205501",127
"206","1223491",131
"207","1224251",13
"208","1234323",4
"209","1234624",58
"210","1240269",2
"211","1241407",1
"212","1241632",6
"213","1241861",2
"214","1243966",1
"215","1247765",41
"216","1247885",3
"217","1253583",38
"218","1253862",7
"219","1254780",2
"220","1255800",5
"221","1256913",6
"222","1258769",225
"223","1258770",3
"224","1263084",2
"225","1263248",13
"226","1263270",127
"227","1263625",4
"228","1264282",8
"229","1270501",1
"230","1270503",1
"231","1272075",2
"232","1272379",2
"233","1275569",1
"234","1276050",127
"235","1278087",1
"236","2495377",1
"237","SC003897",8
"238","SC008435",6
"239","SC009653",131
"240","SC013613",2
"241","SC015499",2
"242","SC025720",12
"243","SC025938",12
"244","SC031763",127
"245","SC035816",2
"246","SC036383",4
"247","SC036735",2
"248","SC036911",3
"249","SC037381",2
"250","SC037396",15
"251","SC037471",15
"252","SC038070",3
"253","SC038167",12
"254","SC038802",2
"255","SC043814",9
"256","SC044485",9
"257","SC046621",6
"258","SC050124",1
"259","SC050418",9
"260","SC055912",1
"261","SC057688",2
"262","SC059782",1
"263","SC059801",15
"264","SC059945",6
"265","SC060282",1
"266","SC060332",15
"267","SC062939",225
"268","SC063285",9
"269","SC066214",5
"270","SC066881",9
"271","SC067052",6
"272","SC356781",15
"273","SC357159",6
"274","SC359465",5
"275","SC363391",131
"276","SC367637",4
"277","SC371553",127
"278","SC372030",1
"279","SC373693",2
"280","SC379104",1
"281","SC381652",12
"282","SC381722",6
"283","SC392408",58
"284","SC402508",4
"285","SC403493",6
"286","SC412705",10
"287","SC413106",127
"288","SC415548",3
"289","SC417371",127
"290","SC419330",127
"291","SC422415",12
"292","SC427331",1
"293","SC428750",9
"294","SC429189",1
"295","SC429754",131
"296","SC431931",3
"297","SC441978",13
"298","SC442778",7
"299","SC448598",131
"300","SC458422",4
"301","SC458429",4
"302","SC458430",4
"303","SC458431",4
"304","SC459107",21
"305","SC459934",127
"306","SC462148",38
"307","SC463558",4
"308","SC465279",7
"309","SC466993",15
"310","SC468315",2
"311","SC471164",225
"312","SC476220",4
"313","SC476944",6
"314","SC477853",13
"315","SC481464",7
"316","SC482141",1
"317","SC482668",53
"318","SC484357",3
"319","SC484358",3
"320","SC485322",15
"321","SC485659",2
"322","SC486527",1
"323","SC487196",131
"324","1183621",1
"325","1183936",2
"326","1216657",8
"327","1224674",38
"328","1226969",19
"329","1227330",4
"330","1228522",4
"331","1231066",8
"332","1234163",6
"333","1234319",4
"334","1234990",4
"335","1240803",24
"336","1240840",24
"337","1242116",4
"338","1244000",225
"339","1244283",127
"340","1244527",36
"341","1245390",1
"342","1245569",131
"343","1245979",127
"344","1245980",127
"345","1245981",127
"346","1245982",127
"347","1245984",127
"348","1247386",3
"349","1249184",60
"350","1250287",2
"351","1250842",4
"352","1252125",5
"353","1252997",1
"354","1254371",4
"355","1255095",1
"356","1255147",131
"357","1255796",131
"358","1256794",12
"359","1258026",3
"360","1258095",16
"361","1258199",2
"362","1258893",1
"363","1264696",2
"364","1267402",1
"365","1267413",2
"366","1271214",1
"367","1271607",16
"368","1272209",2
"369","1272827",1
"370","1275649",13
"371","1276706",2
"372","1277449",1
"373","1280237",5
"374","2483720",36
"375","2484136",1
"376","2484435",1
"377","2484626",15
"378","2490697",14
"379","2490784",2
"380","2494881",2
"381","2497156",41
"382","2498911",34
"383","2502009",1
"384","2503306",5
"385","2503316",1
"386","2506082",17
"387","2508545",60
"388","2510090",1
"389","2510324",1
"390","2516658",1
"391","2517433",1
"392","2519084",1
"393","2519199",1
"394","2525831",3
"395","2526920",13
"396","2530801",1
"397","2530977",1
"398","2531920",60
"399","2534596",5
"400","2545130",15
"401","SC000678",3
"402","SC005066",34
"403","SC005067",58
"404","SC009648",60
"405","SC010700",5
"406","SC013402",19
"407","SC022437",7
"408","SC022440",7
"409","SC022444",7
"410","SC022880",5
"411","SC025799",1
"412","SC032154",2
"413","SC032167",7
"414","SC033411",3
"415","SC033432",3
"416","SC034134",3
"417","SC034184",10
"418","SC034741",14
"419","SC034940",4
"420","SC035105",14
"421","SC035352",7
"422","SC035364",7
"423","SC036019",8
"424","SC036551",5
"425","SC036726",7
"426","SC037152",1
"427","SC037543",5
"428","SC039897",5
"429","SC040628",12
"430","SC058750",10
"431","SC060758",38
"432","SC061770",1
"433","SC062288",9
"434","SC062406",60
"435","SC062573",11
"436","SC063759",60
"437","SC063959",131
"438","SC065312",2
"439","SC066166",3
"440","SC066277",17
"441","SC068205",8
"442","SC359812",10
"443","SC361129",2
"444","SC366851",60
"445","SC368032",1
"446","SC368934",9
"447","SC368982",58
"448","SC371723",9
"449","SC372617",131
"450","SC372619",131
"451","SC372652",131
"452","SC372664",131
"453","SC374180",7
"454","SC374640",131
"455","SC374939",60
"456","SC375911",6
"457","SC378600",1
"458","SC381725",23
"459","SC383187",3
"460","SC384924",225
"461","SC386651",131
"462","SC389649",225
"463","SC390434",10
"464","SC390577",22
"465","SC397112",131
"466","SC398367",2
"467","SC398385",16
"468","SC400219",131
"469","SC405985",1
"470","SC408072",10
"471","SC411054",60
"472","SC411208",1
"473","SC411832",2
"474","SC413078",127
"475","SC413678",2
"476","SC413987",2
"477","SC417351",10
"478","SC420303",2
"479","SC423741",225
"480","SC429762",2
"481","SC429778",2
"482","SC430002",1
"483","SC433290",225
"484","SC436826",1
"485","SC438751",19
"486","SC438756",19
"487","SC440014",60
"488","SC444792",7
"489","SC446003",3
"490","SC447930",7
"491","SC448615",2
"492","SC451152",3
"493","SC451819",38
"494","SC452009",131
"495","SC454035",5
"496","SC457013",3
"497","SC457506",225
"498","SC457621",225
"499","SC457639",6
"500","SC458021",15
"501","SC458746",2
"502","SC459244",5
"503","SC461240",5
"504","SC461275",16
"505","SC462149",38
"506","SC463647",12
"507","SC465079",225
"508","SC468325",2
"509","SC473460",2
"510","SC474050",131
"511","SC474724",2
"512","SC474782",23
"513","SC476261",225
"514","SC476267",225
"515","SC479281",2
"516","SC479776",1
"517","SC480086",53
"518","SC480840",53
"519","SC480850",53
"520","SC482223",60
"521","SC482340",5
"522","SC484790",4
"523","SC486886",1
"524","SC487794",3
"525","SC489187",1
"526","SC489640",2
"527","SC490136",2
"528","2596610",2
"529","1280478",3
"530","2496288",1
"531","2507038",131
"532","2572121",2
"533","2581187",1
"534","2596852",2
"535","2577018",10
"536","2566231",12
"537","2530437",2
"538","2629398",1
"539","2571480",1
"540","2572132",60
"541","2577036",1
"542","2580890",6
"543","2591643",4
"544","2534215",6
"545","2585079",60
"546","2611667",1
"547","2618477",2
"548","2593709",9
"549","SC481444",7
"550","2567658",1
"551","2569519",1
"552","2571033",14
"553","2580887",3
"554","SC034211",10
"555","2570481",22
"556","2599480",225
"557","2575004",2
"558","2594035",9
"559","2612071",1
"560","2537322",9
"561","1155775",225
"562","1159272",225
"563","1159385",225
"564","1159755",12
"565","1185488",3
"566","1212117",38
"567","1212708",38
"568","1214396",1
"569","1223201",12
"570","1225136",225
"571","1225371",12
"572","1227869",41
"573","1231405",22
"574","1231525",225
"575","1231812",22
"576","1232380",9
"577","1232657",41
"578","1232658",41
"579","1236387",127
"580","1240572",127
"581","1240573",127
"582","1241789",60
"583","1241970",127
"584","1246449",4
"585","1247144",9
"586","1247384",4
"587","1247773",131
"588","1249259",127
"589","1249715",127
"590","1250196",5
"591","1250902",8
"592","1250931",41
"593","1251073",5
"594","1253623",2
"595","1253716",41
"596","1254745",34
"597","1254782",17
"598","1254840",41
"599","1255744",34
"600","1255746",34
"601","1255748",34
"602","1256058",34
"603","1256608",5
"604","1256610",34
"605","1256638",23
"606","1257074",225
"607","1257739",24
"608","1258627",7
"609","1258894",1
"610","1262935",13
"611","1268518",10
"612","1269966",1
"613","1270298",1
"614","1271234",3
"615","1271380",19
"616","1271383",8
"617","1271519",2
"618","1274341",6
"619","1274670",58
"620","1275189",21
"621","1275500",2
"622","1277079",9
"623","1278708",34
"624","1280629",225
"625","2484441",15
"626","2490729",60
"627","2491037",1
"628","2502314",225
"629","2503031",2
"630","2504494",2
"631","2506101",38
"632","2508153",127
"633","2508456",14
"634","2509298",36
"635","2509670",10
"636","2510737",2
"637","2517184",3
"638","2517443",6
"639","2526004",6
"640","2526921",13
"641","2527558",225
"642","2531755",127
"643","2536455",2
"644","2536967",7
"645","2538785",19
"646","2539688",5
"647","2539752",131
"648","2540092",1
"649","2542024",5
"650","2542813",225
"651","2547847",4
"652","2548569",4
"653","2552727",5
"654","2557141",1
"655","2557603",2
"656","2559019",3
"657","2562675",2
"658","2563544",22
"659","2565231",14
"660","2566238",6
"661","2567039",10
"662","2567267",1
"663","2570055",58
"664","2573144",60
"665","2575842",1
"666","2576409",41
"667","2577168",3
"668","2578675",41
"669","2585139",1
"670","2586943",60
"671","2587315",15
"672","2589440",1
"673","2589771",17
"674","2590732",127
"675","2591033",1
"676","2591854",2
"677","2592030",1
"678","2592035",4
"679","2592531",3
"680","2592700",2
"681","2592846",3
"682","2592891",1
"683","2593032",1
"684","2593071",4
"685","2593095",6
"686","2594629",1
"687","2594825",13
"688","2595620",127
"689","2596008",6
"690","2597490",4
"691","2597734",2
"692","2598205",17
"693","2600119",2
"694","2600541",3
"695","2605554",3
"696","2608195",53
"697","2608666",36
"698","2612115",60
"699","2612347",4
"700","2613627",53
"701","2613849",41
"702","2619265",1
"703","2620184",3
"704","2620698",6
"705","2621119",225
"706","2622281",2
"707","2622998",58
"708","2623004",225
"709","2623368",3
"710","2623568",58
"711","2623962",14
"712","2624223",2
"713","2624723",6
"714","2625371",1
"715","2628534",9
"716","2630055",3
"717","2630934",127
"718","2631221",1
"719","2633498",5
"720","2633617",225
"721","2634397",2
"722","2634624",58
"723","2634800",127
"724","2634929",2
"725","2635062",58
"726","2636494",1
"727","2636743",1
"728","2636921",17
"729","2638487",1
"730","2640245",1
"731","2642399",58
"732","2643390",38
"733","2649739",58
"734","2652939",1
"735","2654906",2
"736","2655345",60
"737","2656902",4
"738","2659548",13
"739","2663770",2
"740","2671426",12
"741","2672845",13
"742","2672877",38
"743","2673201",6
"744","SC001531",1
"745","SC004429",19
"746","SC005040",34
"747","SC005204",131
"748","SC005553",6
"749","SC006011",9
"750","SC008269",34
"751","SC008274",8
"752","SC010090",21
"753","SC014848",2
"754","SC020611",131
"755","SC023637",41
"756","SC023740",15
"757","SC023743",15
"758","SC023746",15
"759","SC025695",12
"760","SC025740",12
"761","SC028526",6
"762","SC028536",6
"763","SC030439",5
"764","SC030677",1
"765","SC030713",1
"766","SC030797",15
"767","SC031220",41
"768","SC032058",4
"769","SC032315",2
"770","SC033611",3
"771","SC033657",12
"772","SC033808",11
"773","SC034158",12
"774","SC034313",17
"775","SC034419",10
"776","SC034441",6
"777","SC034746",17
"778","SC034849",4
"779","SC034922",5
"780","SC034944",131
"781","SC035155",5
"782","SC035387",7
"783","SC035439",22
"784","SC035499",3
"785","SC035971",2
"786","SC036186",17
"787","SC036304",4
"788","SC037181",6
"789","SC037248",2
"790","SC038500",5
"791","SC038961",6
"792","SC039025",6
"793","SC039070",2
"794","SC039559",2
"795","SC039676",22
"796","SC040132",9
"797","SC040266",6
"798","SC040437",4
"799","SC040491",9
"800","SC040633",12
"801","SC040982",6
"802","SC041887",1
"803","SC042978",9
"804","SC045096",6
"805","SC046524",10
"806","SC052599",3
"807","SC054468",8
"808","SC059037",58
"809","SC059180",225
"810","SC059753",12
"811","SC060811",38
"812","SC060839",6
"813","SC061005",13
"814","SC061158",21
"815","SC061878",38
"816","SC062074",131
"817","SC062785",2
"818","SC063498",6
"819","SC063767",4
"820","SC063978",13
"821","SC064027",225
"822","SC064454",38
"823","SC064931",6
"824","SC065552",13
"825","SC066127",225
"826","SC066183",225
"827","SC066187",225
"828","SC066393",225
"829","SC066796",11
"830","SC066912",58
"831","SC066917",58
"832","SC067151",10
"833","SC067757",11
"834","SC068179",7
"835","SC069474",6
"836","SC356817",4
"837","SC356907",38
"838","SC358349",18
"839","SC359818",225
"840","SC359832",10
"841","SC360599",4
"842","SC361167",16
"843","SC361789",9
"844","SC363268",4
"845","SC363398",127
"846","SC366090",23
"847","SC366107",23
"848","SC367802",10
"849","SC368637",7
"850","SC369840",15
"851","SC369857",6
"852","SC370703",12
"853","SC372661",131
"854","SC373044",9
"855","SC374268",131
"856","SC377825",127
"857","SC378181",4
"858","SC378187",4
"859","SC379274",21
"860","SC380956",10
"861","SC381089",15
"862","SC381339",10
"863","SC381522",1
"864","SC383941",3
"865","SC385809",2
"866","SC386134",58
"867","SC386430",5
"868","SC389174",131
"869","SC389178",131
"870","SC389183",131
"871","SC390156",4
"872","SC390167",4
"873","SC390576",34
"874","SC391708",2
"875","SC397293",8
"876","SC398482",16
"877","SC399866",2
"878","SC402385",127
"879","SC402426",127
"880","SC405977",23
"881","SC406505",12
"882","SC407753",38
"883","SC407787",127
"884","SC407929",2
"885","SC411616",8
"886","SC412175",225
"887","SC412687",10
"888","SC412971",127
"889","SC416464",22
"890","SC418605",6
"891","SC419334",127
"892","SC420876",4
"893","SC422231",7
"894","SC423460",3
"895","SC424851",225
"896","SC425985",1
"897","SC426172",19
"898","SC427652",3
"899","SC430320",2
"900","SC431803",6
"901","SC431804",6
"902","SC431806",6
"903","SC433286",131
"904","SC434520",4
"905","SC436469",16
"906","SC438427",1
"907","SC440309",22
"908","SC441553",10
"909","SC444681",8
"910","SC446957",5
"911","SC448693",1
"912","SC449155",2
"913","SC454647",225
"914","SC455991",225
"915","SC456149",5
"916","SC456157",5
"917","SC456347",225
"918","SC456419",225
"919","SC456537",5
"920","SC456850",225
"921","SC456959",225
"922","SC457025",225
"923","SC457183",225
"924","SC457488",225
"925","SC457780",1
"926","SC457923",225
"927","SC460761",6
"928","SC460973",23
"929","SC463188",4
"930","SC463431",12
"931","SC464809",225
"932","SC465287",1
"933","SC467155",127
"934","SC469396",10
"935","SC470928",8
"936","SC472102",127
"937","SC472381",7
"938","SC472392",7
"939","SC473631",127
"940","SC476236",225
"941","SC476271",225
"942","SC476486",127
"943","SC477040",5
"944","SC478001",1
"945","SC479650",53
"946","SC480240",53
"947","SC480318",131
"948","SC480705",4
"949","SC480847",53
"950","SC481015",5
"951","SC481235",1
"952","SC481295",2
"953","SC481305",21
"954","SC481369",2
"955","SC481439",7
"956","SC481447",7
"957","SC482303",13
"958","SC482548",4
"959","SC483533",9
"960","SC483688",225
"961","SC484114",58
"962","SC484133",38
"963","SC484242",225
"964","SC484789",9
"965","SC485318",13
"966","SC485427",6
"967","SC485529",4
"968","SC487165",2
"969","SC487549",21
"970","SC488679",12
"971","SC488943",14
"972","2611447",4
"973","2611536",3
"974","2612008",41
"975","2612735",18
"976","SC428895",225
"977","2613341",2
"978","2613661",3
"979","2615326",1
"980","2616605",41
"981","2616704",2
"982","2678551",34
"983","2679026",4
"984","SC386258",1
"985","SC386837",5
"986","SC387784",15
"987","2561020",16
"988","2562430",6
"989","2562677",1
"990","2646248",2
"991","2647445",58
"992","2652096",3
"993","2652383",10
"994","2652535",2
"995","2652546",4
"996","2656736",58
"997","2658895",5
"998","2660064",41
"999","2660470",1
"1000","2661346",3
"1001","2661513",2
"1002","2662265",8
"1003","2663221",3
"1004","2663883",4
"1005","2503598",4
"1006","2505378",58
"1007","2612063",1
"1008","SC457254",38
"1009","SC457423",2
"1010","SC460063",225
"1011","SC461846",10
"1012","1269421",127
"1013","1270002",1
"1014","1270767",1
"1015","SC443959",127
"1016","SC414738",11
"1017","SC403905",2
"1018","SC035969",3
"1019","2650952",1
"1020","2651807",2
"1021","2653207",3
"1022","2656194",5
"1023","2656689",1
"1024","2664826",6
"1025","SC035339",4
"1026","SC035492",4
"1027","SC061232",10
"1028","SC431192",2
"1029","SC432404",9
"1030","SC434223",131
"1031","SC434806",225
"1032","SC442401",225
"1033","SC442886",7
"1034","SC473877",4
"1035","SC475697",36
"1036","SC477031",225
"1037","SC482301",13
"1038","SC483692",225
"1039","1275228",34
"1040","1276010",131
"1041","1277497",7
"1042","2631698",1
"1043","2632917",8
"1044","SC415347",16
"1045","SC416599",38
"1046","SC419217",4
"1047","SC421063",131
"1048","SC471672",2
"1049","SC473404",2
"1050","2585407",3
"1051","2585926",36
"1052","2592750",12
"1053","2594007",225
"1054","2594985",10
"1055","SC044224",127
"1056","SC044259",3
"1057","2595983",131
"1058","2598462",9
"1059","2599399",225
"1060","2599659",5
"1061","2602558",4
"1062","2602585",8
"1063","2633107",1
"1064","2633127",10
"1065","SC457175",225
"1066","SC410539",6
"1067","SC411074",8
"1068","SC412476",131
"1069","SC412979",127
"1070","SC413779",2
"1071","SC414296",8
"1072","SC475680",36
"1073","SC476083",21
"1074","SC476251",225
"1075","SC476512",2
"1076","SC477205",2
"1077","SC477726",10
"1078","SC458027",225
"1079","SC461865",6
"1080","SC461938",10
"1081","SC462729",7
"1082","SC462951",1
"1083","SC463852",60
"1084","SC467115",5
"1085","2586752",10
"1086","2586949",60
"1087","SC488439",131
"1088","SC025409",34
"1089","SC025420",6
"1090","SC029504",38
"1091","SC029865",10
"1092","SC032701",3
"1093","SC033127",10
"1094","SC033174",17
"1095","1227788",4
"1096","SC470645",7
"1097","SC470797",9
"1098","SC471058",225
"1099","SC472164",3
"1100","SC472374",7
"1101","SC472449",2
"1102","2537801",6
"1103","2630728",1
"1104","2633744",3
"1105","2673408",2
"1106","2674176",3
"1107","2675297",1
"1108","2677057",23
"1109","2678404",1
"1110","2679463",3
"1111","2680559",1
"1112","2682113",1
"1113","2682298",5
"1114","1269072",4
"1115","1269505",11
"1116","SC395944",1
"1117","SC402135",8
"1118","SC403234",8
"1119","SC470224",6
"1120","SC457074",225
"1121","SC009651",131
"1122","SC047978",16
"1123","SC051513",17
"1124","SC042652",6
"1125","SC423407",131
"1126","SC025739",12
"1127","SC026991",131
"1128","SC069618",10
"1129","SC357455",1
"1130","SC359846",225
"1131","SC473699",5
"1132","SC474041",131
"1133","SC474894",13
"1134","SC475748",36
"1135","SC014235",4
"1136","SC020151",2
"1137","SC021677",34
"1138","2623790",1
"1139","2624784",1
"1140","2628010",225
"1141","2630680",2
"1142","SC408714",2
"1143","SC411030",22
"1144","2497049",3
"1145","2503710",3
"1146","2504093",225
"1147","2506856",6
"1148","2507631",131
"1149","2508451",17
"1150","2645098",3
"1151","2645163",2
"1152","SC441513",17
"1153","SC444869",1
"1154","SC449954",8
"1155","SC000673",19
"1156","2657298",2
"1157","2659259",1
"1158","2660433",1
"1159","2660783",1
"1160","SC456863",225
"1161","SC456910",225
"1162","SC456942",225
"1163","SC457012",225
"1164","2547761",3
"1165","2548333",9
"1166","2550015",127
"1167","2556128",2
"1168","2557914",6
"1169","2559317",3
"1170","2566488",3
"1171","2652468",38
"1172","2652918",4
"1173","SC425786",1
"1174","SC428956",9
"1175","SC429011",131
"1176","SC429748",131
"1177","SC421197",2
"1178","SC378153",6
"1179","SC379199",7
"1180","SC046276",6
"1181","SC047483",3
"1182","2692918",4
"1183","2696711",3
"1184","2700591",1
"1185","2633026",1
"1186","2634272",1
"1187","2634633",1
"1188","1212704",53
"1189","2688405",1
"1190","SC024089",58
"1191","2507350",1
"1192","2507724",6
"1193","2509684",10
"1194","2509802",6
"1195","2511289",225
"1196","2513341",131
"1197","2516553",6
"1198","2517429",3
"1199","1234243",60
"1200","2526992",127
"1201","2532661",8
"1202","2534102",2
"1203","2534696",34
"1204","2534829",14
"1205","2539587",41
"1206","2519919",1
"1207","2525774",3
"1208","2528141",7
"1209","2534179",8
"1210","2535887",2
"1211","2536395",13
"1212","SC057703",38
"1213","2631690",4
"1214","2634911",1
"1215","1235818",225
"1216","1236026",225
"1217","1236625",3
"1218","1236773",225
"1219","1240433",58
"1220","1240449",6
"1221","1240883",24
"1222","1234317",24
"1223","2654423",2
"1224","SC385631",7
"1225","SC385633",1
"1226","1271666",13
"1227","1271998",24
"1228","1272220",1
"1229","2586969",4
"1230","2588599",8
"1231","2589579",3
"1232","2674792",7
"1233","2675155",2
"1234","2676352",3
"1235","2676372",2
"1236","2678673",1
"1237","2679041",2
"1238","2679574",2
"1239","2625941",2
"1240","2626053",7
"1241","2627009",1
"1242","2627028",8
"1243","2629073",9
"1244","2664861",2
"1245","2669033",5
"1246","2671486",4
"1247","2674591",1
"1248","2675485",4
"1249","SC040723",6
"1250","SC042446",1
"1251","1269215",53
"1252","SC052398",1
"1253","1231067",8
"1254","SC454838",34
"1255","SC454901",131
"1256","SC456416",225
"1257","SC456719",225
"1258","SC456729",225
"1259","SC458028",225
"1260","2557361",4
"1261","2558682",6
"1262","2561970",14
"1263","2563216",10
"1264","2563530",2
"1265","SC066428",225
"1266","SC403850",7
"1267","SC403895",15
"1268","SC414347",6
"1269","SC414516",16
"1270","SC051856",6
"1271","SC052946",2
"1272","2594366",225
"1273","2594539",225
"1274","2596897",5
"1275","2596906",1
"1276","2597738",10
"1277","2598648",4
"1278","SC484830",4
"1279","2664249",1
"1280","2666161",41
"1281","2667592",34
"1282","SC055153",9
"1283","SC056259",21
"1284","SC057718",12
"1285","SC058603",1
"1286","SC059717",12
"1287","SC417031",10
"1288","SC457182",225
"1289","1249183",60
"1290","2538055",12
"1291","2539305",10
"1292","2541449",2
"1293","2563164",5
"1294","2567806",3
"1295","2568010",131
"1296","2613829",4
"1297","SC488930",5
"1298","SC490365",1
"1299","1183136",8
"1300","1183173",2
"1301","1271587",225
"1302","1256658",5
"1303","1257182",2
"1304","SC032083",127
"1305","SC032600",2
"1306","SC033120",1
"1307","SC065072",18
"1308","SC386522",131
"1309","SC388991",225
"1310","SC457308",225
"1311","SC457327",225
"1312","1277158",3
"1313","1277453",4
"1314","1277479",3
"1315","1278017",127
"1316","2484055",5
"1317","2484180",131
"1318","SC036732",7
"1319","SC033367",6
"1320","SC033642",9
"1321","SC033817",7
"1322","SC033840",7
"1323","SC062536",17
"1324","SC062674",131
"1325","2560305",3
"1326","2560648",14
"1327","2562678",2
"1328","2564415",127
"1329","2565542",1
"1330","2567557",7
"1331","2538285",1
"1332","2540927",58
"1333","2541033",3
"1334","1223681",127
"1335","1225887",5
"1336","1226266",131
"1337","2646001",41
"1338","2646995",9
"1339","2647153",7
"1340","2648208",58
"1341","SC039673",22
"1342","SC039689",22
"1343","1258831",4
"1344","1259734",17
"1345","1263129",41
"1346","1263571",4
"1347","1263766",6
"1348","1263773",10
"1349","1264048",1
"1350","1264537",225
"1351","1264840",58
"1352","SC044692",7
"1353","SC044745",34
"1354","SC044880",2
"1355","SC397092",131
"1356","SC398377",16
"1357","SC068206",6
"1358","2570084",2
"1359","2572552",6
"1360","2662095",2
"1361","2662427",4
"1362","2664175",1
"1363","2665860",1
"1364","2671361",4
"1365","SC034480",10
"1366","SC034797",10
"1367","SC035049",21
"1368","SC035137",14
"1369","SC035459",22
"1370","1250194",10
"1371","SC061837",3
"1372","SC424103",19
"1373","SC424141",225
"1374","SC425418",58
"1375","SC429918",3
"1376","SC431228",5
"1377","2620359",2
"1378","SC458812",12
"1379","SC462450",1
"1380","SC466284",7
"1381","SC467796",9
"1382","SC470413",14
"1383","SC031490",7
"1384","SC031504",10
"1385","2652976",5
"1386","2655174",2
"1387","2655761",36
"1388","SC008600",5
"1389","SC011972",13
"1390","SC013743",19
"1391","SC059203",6
"1392","SC033723",12
"1393","SC033805",3
"1394","SC034189",7
"1395","SC034686",14
"1396","SC034706",17
"1397","2667615",2
"1398","2671339",4
"1399","2672782",1
"1400","2673338",1
"1401","2673339",34
"1402","SC020606",131
"1403","SC020607",131
"1404","SC454900",2
"1405","SC456532",225
"1406","SC456795",225
"1407","SC456846",225
"1408","SC457181",225
"1409","SC457430",225
"1410","SC457435",225
"1411","2586951",60
"1412","2682205",4
"1413","2682837",10
"1414","2684355",2
"1415","2686902",38
"1416","2688209",3
"1417","2690357",16
"1418","2691652",2
"1419","SC039414",10
"1420","SC007608",6
"1421","SC008488",6
"1422","SC062309",6
"1423","SC062931",7
"1424","SC063550",2
"1425","SC063689",4
"1426","2553536",4
"1427","2556338",2
"1428","2556340",34
"1429","2557152",34
"1430","2590128",1
"1431","2590726",127
"1432","2590824",19
"1433","2591708",14
"1434","2592361",1
"1435","2595974",4
"1436","2620950",225
"1437","2623130",8
"1438","2624251",14
"1439","SC035477",22
"1440","SC035543",3
"1441","SC035593",8
"1442","SC035648",14
"1443","SC036243",8
"1444","SC036917",3
"1445","SC037281",6
"1446","2655041",1
"1447","SC034851",5
"1448","2588486",8
"1449","2588753",10
"1450","2589392",60
"1451","2590405",3
"1452","2590408",2
"1453","2592228",2
"1454","SC018241",38
"1455","SC059755",12
"1456","SC060554",3
"1457","1274846",6
"1458","1277380",225
"1459","1278873",2
"1460","1278968",22
"1461","2554036",1
"1462","2554918",60
"1463","SC060590",127
"1464","2555505",1
"1465","2557064",2
"1466","2559023",127
"1467","SC439282",7
"1468","SC439882",17
"1469","SC441865",1
"1470","SC432966",5
"1471","SC362170",8
"1472","SC030967",4
"1473","SC032069",1
"1474","SC032502",4
"1475","SC032565",15
"1476","SC033326",6
"1477","SC033362",3
"1478","SC033467",5
"1479","SC033492",13
"1480","1273497",4
"1481","1274089",3
"1482","2595340",2
"1483","SC008607",34
"1484","SC486479",127
"1485","2624711",225
"1486","2627088",2
"1487","2629097",34
"1488","2629861",41
"1489","2630796",41
"1490","SC036737",7
"1491","SC008487",34
"1492","SC008575",12
"1493","1184093",127
"1494","1212094",53
"1495","1221357",53
"1496","1224093",131
"1497","1226612",2
"1498","2604092",8
"1499","SC482411",53
"1500","SC483220",41
"1501","SC484302",2
"1502","SC484671",11
"1503","SC485423",4
"1504","SC486114",2
"1505","SC068803",15
"1506","SC069178",2
"1507","SC069198",22
"1508","SC065535",1
"1509","SC065730",8
"1510","SC065883",10
"1511","SC066010",6
"1512","SC437069",17
"1513","SC437645",34
"1514","SC066179",8
"1515","SC066242",3
"1516","SC066469",131
"1517","SC068032",225
"1518","SC068664",34
"1519","SC357077",38
"1520","SC472325",5
"1521","2647775",6
"1522","2648508",5
"1523","2651405",4
"1524","2651753",3
"1525","2653112",1
"1526","2655354",23
"1527","2655778",1
"1528","2612070",18
"1529","2614506",53
"1530","2578355",60
"1531","2583142",3
"1532","2585129",127
"1533","SC415138",6
"1534","SC416267",18
"1535","2569163",1
"1536","2569358",4
"1537","2570071",41
"1538","2570947",5
"1539","1250039",5
"1540","1252023",3
"1541","1252937",41
"1542","SC065374",2
"1543","SC066072",22
"1544","SC066481",2
"1545","SC066651",10
"1546","2508513",12
"1547","2509892",6
"1548","2510315",5
"1549","2515609",6
"1550","2519269",1
"1551","2523025",41
"1552","2527654",1
"1553","SC473639",38
"1554","SC474179",9
"1555","1253008",58
"1556","1254837",5
"1557","1255745",34
"1558","1256660",10
"1559","SC063683",5
"1560","SC063794",58
"1561","SC478152",12
"1562","SC478852",3
"1563","SC480594",10
"1564","SC482275",38
"1565","SC482296",13
"1566","2603750",1
"1567","2606062",2
"1568","2595791",3
"1569","SC384018",7
"1570","SC410535",6
"1571","SC413085",127
"1572","SC040631",12
"1573","SC040719",6
"1574","SC040785",7
"1575","SC036240",8
"1576","SC036773",5
"1577","SC036804",5
"1578","2523027",3
"1579","2625585",2
"1580","2626773",7
"1581","2629230",4
"1582","2633410",9
"1583","2633818",1
"1584","2635269",1
"1585","2635562",3
"1586","SC472977",13
"1587","SC473329",3
"1588","SC475323",60
"1589","SC476231",225
"1590","2594543",5
"1591","2642400",2
"1592","2643361",1
"1593","2643709",1
"1594","2645858",1
"1595","2645897",3
"1596","SC020859",6
"1597","SC363630",127
"1598","SC370982",6
"1599","SC372117",22
"1600","SC482299",13
"1601","SC482380",7
"1602","1258386",6
"1603","1263124",2
"1604","1263329",4
"1605","1264016",2
"1606","1266267",6
"1607","1268535",2
"1608","2509838",3
"1609","2510604",4
"1610","2514770",18
"1611","2515370",34
"1612","2528634",9
"1613","2531620",1
"1614","2532532",4
"1615","2533956",38
"1616","SC068991",1
"1617","SC069176",1
"1618","SC069293",18
"1619","SC356565",1
"1620","SC356929",6
"1621","1241776",53
"1622","1027158",5
"1623","1155757",6
"1624","2495504",2
"1625","2496251",6
"1626","2500044",16
"1627","2537149",19
"1628","2614738",1
"1629","2614999",1
"1630","2617499",2
"1631","2617923",225
"1632","2621193",2
"1633","2622077",10
"1634","2655408",3
"1635","2656172",1
"1636","2657553",1
"1637","2660603",5
"1638","2661371",1
"1639","2662847",225
"1640","2663174",53
"1641","SC000803",6
"1642","SC477939",22
"1643","SC382730",6
"1644","SC037256",6
"1645","SC037588",4
"1646","SC037670",4
"1647","SC038557",10
"1648","SC039056",6
"1649","SC023736",15
"1650","SC024808",131
"1651","SC013143",6
"1652","SC037762",4
"1653","SC038719",17
"1654","2519196",3
"1655","SC064050",131
"1656","SC417250",8
"1657","SC037302",7
"1658","SC489610",2
"1659","1183799",1
"1660","SC476286",225
"1661","SC476990",127
"1662","2613806",3
"1663","2615342",36
"1664","2616993",4
"1665","2624155",1
"1666","2666309",2
"1667","2666653",1
"1668","2667746",1
"1669","SC387671",4
"1670","SC387684",58
"1671","SC389698",58
"1672","SC389823",6
"1673","SC066055",5
"1674","SC066115",131
"1675","SC066458",21
"1676","SC035428",22
"1677","1183574",4
"1678","2591911",1
"1679","2591916",5
"1680","2592781",2
"1681","2593530",5
"1682","2593623",6
"1683","2594775",6
"1684","2594859",1
"1685","2594902",36
"1686","2595021",127
"1687","SC404994",12
"1688","SC406063",38
"1689","SC409502",2
"1690","SC032697",3
"1691","SC033056",6
"1692","SC462593",2
"1693","2496764",3
"1694","2502176",1
"1695","SC067561",131
"1696","SC067895",7
"1697","SC068000",5
"1698","SC063116",15
"1699","SC064182",1
"1700","SC064472",4
"1701","SC064666",225
"1702","SC065517",15
"1703","SC065780",2
"1704","SC066185",15
"1705","SC460593",22
"1706","2701185",5
"1707","2703224",3
"1708","1277304",10
"1709","1278806",6
"1710","1280371",18
"1711","1271467",127
"1712","1275188",21
"1713","1276216",60
"1714","1277041",8
"1715","1277049",3
"1716","SC432741",7
"1717","2596476",131
"1718","2599388",1
"1719","2599805",9
"1720","2600759",8
"1721","2608949",4
"1722","2624855",1
"1723","2624934",2
"1724","2625170",1
"1725","2626293",2
"1726","2628367",1
"1727","2568363",3
"1728","1244460",3
"1729","1250186",24
"1730","1226975",60
"1731","1228092",2
"1732","1230725",10
"1733","1231458",2
"1734","1232649",41
"1735","1244160",36
"1736","SC067771",6
"1737","SC068243",10
"1738","SC068261",1
"1739","SC068827",12
"1740","SC068929",3
"1741","SC356318",34
"1742","SC356864",18
"1743","SC063883",131
"1744","SC063997",131
"1745","SC064011",10
"1746","SC443708",3
"1747","SC443765",2
"1748","SC444176",7
"1749","SC446261",3
"1750","2629902",3
"1751","SC453726",4
"1752","SC424759",3
"1753","SC426318",14
"1754","SC426530",10
"1755","SC427165",8
"1756","SC428700",38
"1757","SC430587",7
"1758","SC431315",5
"1759","SC434573",2
"1760","2529331",2
"1761","2529639",6
"1762","SC039087",9
"1763","SC043972",225
"1764","SC402406",127
"1765","2691185",8
"1766","2691235",1
"1767","SC033896",4
"1768","SC033919",1
"1769","SC437825",3
"1770","SC439535",21
"1771","2594233",2
"1772","2553111",2
"1773","2556596",225
"1774","2557920",4
"1775","2562531",14
"1776","2568244",7
"1777","2569345",1
"1778","2629335",8
"1779","SC475347",60
"1780","2634720",127
"1781","2636919",5
"1782","2636991",53
"1783","2636996",1
"1784","2638617",1
"1785","2681311",4
"1786","SC068559",2
"1787","SC036026",10
"1788","SC370949",131
"1789","SC372602",131
"1790","SC372630",131
"1791","SC373941",7
"1792","2526435",2
"1793","2531921",60
"1794","2533064",6
"1795","2537058",127
"1796","2541440",1
"1797","2541993",8
"1798","1226757",3
"1799","2509367",53
"1800","2510201",5
"1801","2641767",1
"1802","2642297",1
"1803","2642401",1
"1804","2643338",1
"1805","1214266",10
"1806","1216505",5
"1807","1264438",16
"1808","1264841",1
"1809","1265128",127
"1810","2558681",3
"1811","2559013",1
"1812","2560639",22
"1813","2561501",2
"1814","2565421",5
"1815","2644282",1
"1816","2645038",3
"1817","SC002930",4
"1818","SC003792",1
"1819","SC060750",4
"1820","SC061438",6
"1821","SC061439",3
"1822","SC061795",131
"1823","SC454484",2
"1824","SC456413",225
"1825","2605690",34
"1826","2607291",8
"1827","2607587",225
"1828","SC403462",1
"1829","SC407783",127
"1830","SC408655",127
"1831","1240397",7
"1832","2494551",36
"1833","2494662",131
"1834","2495513",127
"1835","2501791",58
"1836","2504082",127
"1837","2508525",4
"1838","1265096",1
"1839","1267537",5
"1840","1268334",3
"1841","2682522",1
"1842","2683780",4
"1843","2685998",3
"1844","2686745",34
"1845","SC458754",5
"1846","SC460671",5
"1847","SC040583",7
"1848","SC393940",3
"1849","SC394101",10
"1850","SC394283",8
"1851","SC394909",3
"1852","SC396463",225
"1853","SC396721",23
"1854","SC363384",131
"1855","SC025395",4
"1856","SC025657",2
"1857","SC025664",3
"1858","SC025744",12
"1859","SC025940",6
"1860","SC028905",6
"1861","SC378407",18
"1862","SC386428",5
"1863","2642113",38
"1864","2642116",38
"1865","2643362",225
"1866","2645901",24
"1867","SC456539",225
"1868","SC456543",225
"1869","SC456710",7
"1870","SC457068",225
"1871","SC457180",225
"1872","SC457266",225
"1873","SC355755",38
"1874","SC356868",10
"1875","SC042967",9
"1876","SC042994",9
"1877","SC044231",127
"1878","SC389180",131
"1879","SC390190",38
"1880","2676061",1
"1881","2676421",1
"1882","2677302",2
"1883","2677619",1
"1884","SC037309",7
"1885","SC037327",7
"1886","2679067",3
"1887","SC434517",7
"1888","2682262",1
"1889","2653894",1
"1890","2615005",36
"1891","2616670",5
"1892","2617662",12
"1893","2618755",1
"1894","2620261",38
"1895","SC063219",3
"1896","1257065",17
"1897","1257740",5
"1898","1258092",225
"1899","1259419",16
"1900","1264538",10
"1901","1266838",6
"1902","SC033502",13
"1903","1232200",8
"1904","1234621",127
"1905","2661512",225
"1906","2661812",7
"1907","2661987",4
"1908","2663781",1
"1909","SC442402",225
"1910","1277656",1
"1911","1277734",60
"1912","2596121",4
"1913","2597567",8
"1914","2599994",17
"1915","2600978",16
"1916","2603668",6
"1917","2605180",2
"1918","2605336",4
"1919","SC479596",1
"1920","SC479632",7
"1921","SC480161",53
"1922","2646176",1
"1923","2685995",3
"1924","2688701",38
"1925","2696017",1
"1926","SC035976",17
"1927","SC036009",10
"1928","2707638",9
"1929","SC475088",2
"1930","SC475689",36
"1931","SC475723",36
"1932","SC476262",225
"1933","SC476292",225
"1934","SC476868",3
"1935","2641888",38
"1936","SC481293",2
"1937","SC481631",21
"1938","SC482344",13
"1939","SC482872",6
"1940","SC483779",3
"1941","SC037910",17
"1942","SC037282",7
"1943","SC037984",5
"1944","SC479649",53
"1945","SC020133",3
"1946","SC020576",127
"1947","2595112",127
"1948","2597736",225
"1949","2601137",2
"1950","2602142",10
"1951","SC065129",7
"1952","SC065478",1
"1953","SC065789",6
"1954","SC065855",225
"1955","SC066120",12
"1956","SC066129",1
"1957","SC373958",7
"1958","SC064428",131
"1959","SC064500",131
"1960","SC064573",6
"1961","1227335",6
"1962","1228091",2
"1963","1229417",225
"1964","1156098",225
"1965","1159258",225
"1966","1159884",225
"1967","1185765",60
"1968","1185828",8
"1969","1213416",23
"1970","2645906",4
"1971","SC068076",10
"1972","SC068272",38
"1973","SC068789",4
"1974","SC069128",6
"1975","SC025718",12
"1976","SC033645",9
"1977","SC034953",5
"1978","SC035247",14
"1979","SC439153",12
"1980","SC439956",6
"1981","SC441410",13
"1982","SC465940",127
"1983","SC466378",3
"1984","SC470284",3
"1985","SC470479",8
"1986","1253975",3
"1987","1254740",10
"1988","1254841",5
"1989","2680573",2
"1990","2683331",41
"1991","2683445",225
"1992","SC032496",3
"1993","SC033370",12
"1994","1249326",14
"1995","1250253",3
"1996","1250915",22
"1997","2532131",1
"1998","2533483",36
"1999","2534185",4
"2000","2534589",1
"2001","2535166",127
"2002","2519592",24
"2003","1258089",60
"2004","1249787",8
"2005","1252095",9
"2006","1254308",34
"2007","1254864",34
"2008","1255747",34
"2009","1235654",60
"2010","SC045408",12
"2011","1214270",58
"2012","1226977",5
"2013","1226978",225
"2014","SC370910",131
"2015","SC376719",23
"2016","SC438624",131
"2017","SC439116",5
"2018","SC464958",225
"2019","SC465579",5
"2020","2590934",2
"2021","2591888",5
"2022","2592242",127
"2023","2593579",1
"2024","2593651",38
"2025","2593915",3
"2026","2613649",10
"2027","2614703",10
"2028","2614937",36
"2029","2616741",225
"2030","SC486165",6
"2031","SC486604",6
"2032","SC489226",1
"2033","1027164",24
"2034","1155780",225
"2035","1159903",3
"2036","2612810",3
"2037","2613327",2
"2038","SC355839",38
"2039","SC356604",21
"2040","SC356963",6
"2041","SC357981",5
"2042","SC366104",23
"2043","2523028",127
"2044","2523036",5
"2045","2525807",1
"2046","2528516",41
"2047","2495335",131
"2048","2495951",3
"2049","2490994",1
"2050","2497538",6
"2051","2502333",2
"2052","2503143",2
"2053","SC464762",5
"2054","1235384",10
"2055","1235653",2
"2056","1236832",11
"2057","1240844",24
"2058","1241023",1
"2059","SC362094",131
"2060","SC363422",131
"2061","SC366002",131
"2062","SC454265",2
"2063","1240884",24
"2064","1241782",22
"2065","1244117",7
"2066","1244287",225
"2067","1247212",6
"2068","1248773",4
"2069","2682524",2
"2070","2685250",3
"2071","1262657",127
"2072","1263199",36
"2073","1266835",19
"2074","2567722",10
"2075","2516349",5
"2076","2522240",1
"2077","2526987",2
"2078","SC064836",22
"2079","SC065059",15
"2080","SC450728",18
"2081","SC361090",2
"2082","SC361385",4
"2083","SC370899",131
"2084","SC376211",225
"2085","SC458415",5
"2086","SC386505",131
"2087","SC025713",12
"2088","SC028868",2
"2089","SC030650",2
"2090","SC032439",2
"2091","SC032475",3
"2092","SC025712",12
"2093","SC386003",1
"2094","SC390293",5
"2095","SC391379",11
"2096","SC394875",5
"2097","SC037986",1
"2098","SC398386",16
"2099","SC400301",7
"2100","SC401927",5
"2101","2701187",5
"2102","SC013828",1
"2103","SC065067",8
"2104","SC065189",22
"2105","1241261",5
"2106","1241939",2
"2107","1242216",131
"2108","1244137",12
"2109","1244161",16
"2110","1244413",1
"2111","SC005041",225
"2112","SC005045",34
"2113","SC006013",9
"2114","SC008273",8
"2115","1233307",9
"2116","1234166",6
"2117","2636225",2
"2118","2637805",1
"2119","2638470",1
"2120","2640099",2
"2121","2644456",3
"2122","2644925",6
"2123","2645199",38
"2124","SC457089",225
"2125","SC457433",225
"2126","SC398481",16
"2127","2654620",1
"2128","2661511",2
"2129","2662751",3
"2130","2662813",225
"2131","2666995",2
"2132","1259061",5
"2133","1259114",14
"2134","SC025812",3
"2135","2596421",225
"2136","1269565",1
"2137","1273658",4
"2138","1276249",58
"2139","1276719",1
"2140","1277045",38
"2141","1277861",1
"2142","1278022",2
"2143","1280578",131
"2144","2484443",3
"2145","2490999",4
"2146","2669971",131
"2147","2670262",10
"2148","2672559",34
"2149","SC028598",1
"2150","SC031410",7
"2151","2686524",2
"2152","SC044975",3
"2153","SC028599",1
"2154","SC031479",2
"2155","2502918",3
"2156","2504775",1
"2157","2505172",2
"2158","2508601",5
"2159","2509280",127
"2160","2509366",53
"2161","2544217",2
"2162","SC000820",6
"2163","SC036584",5
"2164","2596541",127
"2165","2597747",3
"2166","2599183",3
"2167","2689544",3
"2168","2691579",1
"2169","2692580",1
"2170","2694962",2
"2171","2697861",38
"2172","SC038522",131
"2173","SC404983",3
"2174","SC407430",38
"2175","SC408369",15
"2176","2664326",2
"2177","SC359836",22
"2178","SC363393",131
"2179","1249031",131
"2180","1253711",6
"2181","1254055",127
"2182","1254316",2
"2183","1255407",12
"2184","2507889",5
"2185","2509473",2
"2186","2517046",17
"2187","2520922",5
"2188","SC033457",12
"2189","SC443009",3
"2190","SC444289",6
"2191","SC447768",38
"2192","SC449307",127
"2193","SC481312",131
"2194","SC482415",2
"2195","SC482419",225
"2196","SC482517",53
"2197","SC482569",53
"2198","1271222",1
"2199","1271581",4
"2200","1273485",4
"2201","1274093",34
"2202","1274672",3
"2203","2573614",12
"2204","2575432",3
"2205","2575551",4
"2206","SC443337",1
"2207","2618541",225
"2208","2620222",127
"2209","2620865",6
"2210","2613032",5
"2211","1159763",36
"2212","1159868",225
"2213","1211772",127
"2214","1221700",53
"2215","1224663",60
"2216","1226397",41
"2217","2542730",11
"2218","2544803",225
"2219","2548418",131
"2220","2549629",3
"2221","2551007",2
"2222","SC062013",6
"2223","SC459857",12
"2224","SC461781",8
"2225","2592713",6
"2226","2592943",6
"2227","2593046",3
"2228","2593054",1
"2229","2594218",1
"2230","1227596",23
"2231","1228191",5
"2232","1228919",6
"2233","SC357468",18
"2234","SC357979",6
"2235","1270744",2
"2236","1271213",24
"2237","SC038564",10
"2238","SC038761",6
"2239","SC039001",6
"2240","2584899",2
"2241","SC489516",58
"2242","SC490364",16
"2243","SC481040",6
"2244","1263201",38
"2245","1263776",4
"2246","1263837",10
"2247","1263977",5
"2248","1265092",3
"2249","SC059635",13
"2250","SC462591",2
"2251","2501397",58
"2252","2506232",8
"2253","2508344",17
"2254","2509365",53
"2255","2510199",12
"2256","2594033",13
"2257","2594189",10
"2258","2594854",36
"2259","2595182",3
"2260","2483691",4
"2261","2483881",1
"2262","2490894",4
"2263","2490998",127
"2264","2495375",12
"2265","2496625",225
"2266","SC456330",225
"2267","SC456418",225
"2268","SC456542",225
"2269","SC463926",38
"2270","SC391503",3
"2271","SC398253",38
"2272","SC399586",5
"2273","SC400880",1
"2274","SC403464",2
"2275","SC405933",12
"2276","SC390785",10
"2277","SC391594",38
"2278","SC398393",16
"2279","SC400355",10
"2280","SC400901",12
"2281","SC403789",5
"2282","SC407933",4
"2283","SC408149",8
"2284","SC063673",6
"2285","SC063813",3
"2286","SC063814",12
"2287","SC064934",38
"2288","SC013598",1
"2289","SC019441",2
"2290","2613483",41
"2291","1256061",34
"2292","2571031",5
"2293","2571557",3
"2294","2571902",3
"2295","2575788",6
"2296","2547967",3
"2297","2590942",9
"2298","2591400",24
"2299","2591431",41
"2300","2591471",4
"2301","2591499",6
"2302","2652672",1
"2303","2654084",53
"2304","2654867",2
"2305","SC372613",131
"2306","SC483662",225
"2307","SC483710",60
"2308","SC483846",225
"2309","SC486398",3
"2310","SC487702",3
"2311","2620366",225
"2312","2620992",4
"2313","SC431807",6
"2314","SC486879",2
"2315","SC487488",131
"2316","SC488596",8
"2317","SC391464",3
"2318","SC392492",3
"2319","SC393567",127
"2320","SC037657",4
"2321","SC044276",1
"2322","SC356327",58
"2323","SC357133",10
"2324","SC472680",5
"2325","SC473891",4
"2326","SC474543",1
"2327","SC475703",36
"2328","SC475706",36
"2329","SC476008",3
"2330","SC476249",225
"2331","SC476252",225
"2332","SC063895",127
"2333","SC406638",1
"2334","SC407790",127
"2335","SC409738",3
"2336","SC410537",6
"2337","SC410545",6
"2338","SC411825",13
"2339","SC064530",18
"2340","SC065046",8
"2341","1241855",22
"2342","1244108",2
"2343","1244350",9
"2344","1247491",131
"2345","1247670",1
"2346","1248071",10
"2347","1248509",3
"2348","1249123",23
"2349","2571630",1
"2350","2573447",2
"2351","2574119",12
"2352","2580899",2
"2353","2582248",127
"2354","2641682",5
"2355","2642423",21
"2356","2642842",12
"2357","2701417",5
"2358","1271182",1
"2359","SC396186",6
"2360","SC397933",5
"2361","1280210",14
"2362","1280412",4
"2363","1280623",2
"2364","2483718",2
"2365","2483789",2
"2366","2483823",58
"2367","2484682",8
"2368","2494873",3
"2369","SC454707",2
"2370","2509452",60
"2371","2514259",4
"2372","2484586",15
"2373","2490938",4
"2374","SC038526",6
"2375","SC040191",12
"2376","SC066250",38
"2377","1272461",38
"2378","1273663",4
"2379","SC037521",8
"2380","SC037647",4
"2381","2563818",23
"2382","2565716",7
"2383","2567272",3
"2384","2567607",2
"2385","2567789",10
"2386","SC040642",12
"2387","SC042147",3
"2388","SC036740",7
"2389","SC037861",5
"2390","SC403890",34
"2391","SC405285",5
"2392","SC053145",21
"2393","SC053529",6
"2394","2571759",2
"2395","2576346",1
"2396","2577151",1
"2397","2580626",53
"2398","SC362965",12
"2399","SC363403",131
"2400","2490939",8
"2401","2494962",60
"2402","2495967",1
"2403","2496864",225
"2404","2503076",2
"2405","SC031698",7
"2406","SC033152",2
"2407","1270393",3
"2408","1270802",10
"2409","SC044291",7
"2410","SC379357",127
"2411","SC382994",38
"2412","SC038237",5
"2413","SC033387",6
"2414","SC033389",12
"2415","SC033628",13
"2416","SC034083",12
"2417","SC034162",11
"2418","SC034210",7
"2419","SC034220",7
"2420","SC451174",225
"2421","SC456409",225
"2422","SC456602",225
"2423","1222089",4
"2424","1229977",4
"2425","1230415",6
"2426","1233310",9
"2427","1244386",1
"2428","1244426",4
"2429","1245572",60
"2430","2667363",4
"2431","2667401",1
"2432","2667807",4
"2433","2668686",1
"2434","2668747",2
"2435","2671000",3
"2436","SC022464",7
"2437","SC023636",5
"2438","SC023645",10
"2439","SC023737",15
"2440","SC023745",15
"2441","SC034415",1
"2442","SC036157",17
"2443","2544274",11
"2444","2544885",2
"2445","2546172",6
"2446","2546196",1
"2447","2638322",2
"2448","2638590",6
"2449","SC441514",127
"2450","2491059",3
"2451","2495371",3
"2452","2496627",36
"2453","2622480",1
"2454","2623947",60
"2455","2624457",2
"2456","2627737",1
"2457","2627967",6
"2458","2631595",225
"2459","2632727",1
"2460","2633239",1
"2461","2510847",7
"2462","2512898",3
"2463","2513340",131
"2464","2516984",15
"2465","2517054",2
"2466","2519260",58
"2467","2611288",1
"2468","2645281",5
"2469","2645688",4
"2470","SC481152",53
"2471","1249196",38
"2472","1249264",21
"2473","2569527",17
"2474","2572133",60
"2475","2576423",10
"2476","SC001452",12
"2477","SC008490",131
"2478","1183605",3
"2479","SC456798",225
"2480","SC456911",225
"2481","2569705",1
"2482","2571256",3
"2483","SC433451",5
"2484","2527312",8
"2485","2528264",6
"2486","2611027",6
"2487","2611210",12
"2488","2611991",1
"2489","1263673",9
"2490","1263768",6
"2491","1264286",10
"2492","1264333",53
"2493","1264756",3
"2494","1268530",8
"2495","SC419429",7
"2496","SC422464",2
"2497","SC423442",1
"2498","SC013553",38
"2499","SC479654",53
"2500","SC480422",36
"2501","SC480681",53
"2502","SC480704",53
"2503","SC358638",10
"2504","SC367551",10
"2505","SC368137",8
"2506","SC474150",11
"2507","SC409851",1
"2508","SC415400",3
"2509","SC423617",3
"2510","SC423959",6
"2511","SC477209",10
"2512","SC477724",10
"2513","SC366343",1
"2514","SC067753",7
"2515","SC068511",7
"2516","SC020595",6
"2517","SC020630",127
"2518","SC025700",5
"2519","SC022442",7
"2520","SC023646",10
"2521","SC023739",15
"2522","SC023741",15
"2523","SC023744",15
"2524","2644474",2
"2525","2645184",60
"2526","2647767",3
"2527","2651665",131
"2528","2651823",3
"2529","2696325",6
"2530","2697535",2
"2531","2530253",3
"2532","2595123",1
"2533","2661071",5
"2534","2598004",1
"2535","2598804",1
"2536","2602813",2
"2537","2605508",6
"2538","2610371",1
"2539","SC060743",12
"2540","2632330",1
"2541","2632726",1
"2542","2634698",53
"2543","SC010415",1
"2544","2701843",5
"2545","SC040175",4
"2546","SC040733",8
"2547","SC040926",6
"2548","1276111",5
"2549","1278020",6
"2550","1278421",3
"2551","1278753",24
"2552","2585102",3
"2553","2689391",10
"2554","2688299",13
"2555","2688690",5
"2556","2693113",2
"2557","2693971",2
"2558","SC013144",6
"2559","SC014650",10
"2560","SC016600",1
"2561","SC018238",38
"2562","SC470457",4
"2563","SC471856",1
"2564","2635655",225
"2565","SC457567",225
"2566","SC458352",225
"2567","SC458811",12
"2568","SC459168",225
"2569","SC460800",10
"2570","SC467704",225
"2571","SC469761",14
"2572","SC470290",38
"2573","1183479",2
"2574","2675775",3
"2575","2679827",1
"2576","2680496",4
"2577","2684147",6
"2578","2685330",2
"2579","2523034",5
"2580","2638148",1
"2581","2638159",38
"2582","2638239",1
"2583","2638781",1
"2584","SC034969",8
"2585","2546476",8
"2586","2547611",16
"2587","1251364",38
"2588","SC386810",6
"2589","SC391993",5
"2590","SC392549",2
"2591","2634754",225
"2592","2635351",1
"2593","2540285",2
"2594","2540658",1
"2595","2543081",14
"2596","2603286",53
"2597","2604035",53
"2598","2604750",1
"2599","2605829",1
"2600","2608484",10
"2601","2610935",2
"2602","SC478991",58
"2603","SC479230",10
"2604","SC481172",2
"2605","SC481221",127
"2606","SC476326",225
"2607","SC476570",127
"2608","SC039683",22
"2609","SC039900",5
"2610","2583518",2
"2611","2616383",5
"2612","2616606",127
"2613","2624054",58
"2614","2624063",8
"2615","2625942",10
"2616","2626458",5
"2617","2627409",10
"2618","2628430",6
"2619","2535376",38
"2620","2536761",53
"2621","2537252",34
"2622","2537375",14
"2623","SC405713",225
"2624","SC408656",2
"2625","2503142",2
"2626","SC456857",225
"2627","SC456964",225
"2628","SC457434",225
"2629","2605512",127
"2630","2606135",2
"2631","2609490",6
"2632","1250521",10
"2633","1251947",9
"2634","1254258",36
"2635","1254555",8
"2636","1256134",225
"2637","2578677",2
"2638","2582246",127
"2639","2582250",127
"2640","2582337",127
"2641","2583468",2
"2642","2585541",5
"2643","2579887",1
"2644","2581237",24
"2645","2581296",127
"2646","SC436559",5
"2647","SC441080",131
"2648","SC060545",1
"2649","SC061810",12
"2650","SC062223",127
"2651","SC063103",4
"2652","SC063380",6
"2653","SC064081",7
"2654","SC064735",22
"2655","SC065792",5
"2656","SC457501",225
"2657","2615494",36
"2658","2617303",7
"2659","SC486606",13
"2660","SC488961",5
"2661","2692022",9
"2662","2692653",41
"2663","2694804",2
"2664","2553274",6
"2665","2553543",10
"2666","2553861",58
"2667","2613157",5
"2668","2613488",3
"2669","2614508",1
"2670","SC442777",7
"2671","SC442864",22
"2672","SC446152",5
"2673","SC449096",14
"2674","SC365366",5
"2675","SC366080",23
"2676","SC366093",23
"2677","SC372611",131
"2678","SC457573",225
"2679","SC459354",6
"2680","SC461450",3
"2681","SC463902",10
"2682","1159397",225
"2683","1256639",4
"2684","1257289",1
"2685","1258658",2
"2686","1258975",24
"2687","1259547",5
"2688","1259551",5
"2689","1255520",127
"2690","1256771",12
"2691","1257073",60
"2692","1257573",17
"2693","2623842",9
"2694","2672801",4
"2695","2675591",1
"2696","1159682",12
"2697","1213828",13
"2698","2637140",58
"2699","2637521",1
"2700","2638390",127
"2701","2639083",5
"2702","2610709",8
"2703","2611110",3
"2704","2612013",1
"2705","2680525",5
"2706","SC040511",8
"2707","2679801",41
"2708","2680502",10
"2709","SC386502",131
"2710","SC035235",14
"2711","SC035409",6
"2712","SC035500",1
"2713","SC036023",10
"2714","SC036248",17
"2715","SC036298",4
"2716","SC037441",7
"2717","SC037454",7
"2718","SC037596",38
"2719","1252120",1
"2720","1255139",34
"2721","1255823",17
"2722","1256060",34
"2723","1256500",7
"2724","1236916",4
"2725","1241752",7
"2726","1243962",6
"2727","1244493",3
"2728","1244881",18
"2729","1246331",5
"2730","2545027",2
"2731","2545733",3
"2732","2509269",10
"2733","SC428599",6
"2734","SC429369",10
"2735","SC432331",19
"2736","1257101",4
"2737","1257202",3
"2738","1229534",6
"2739","1229762",60
"2740","1230416",225
"2741","1233981",18
"2742","1234430",6
"2743","1259118",15
"2744","1259178",1
"2745","2619357",6
"2746","2620678",41
"2747","2621215",1
"2748","2621322",3
"2749","2621334",58
"2750","2647022",1
"2751","2647770",6
"2752","2648446",38
"2753","1235576",10
"2754","2568557",6
"2755","2569994",60
"2756","2570070",2
"2757","2570253",1
"2758","2572812",10
"2759","2600259",9
"2760","2604877",127
"2761","2605108",1
"2762","SC480671",53
"2763","SC480678",53
"2764","SC480854",53
"2765","SC481209",127
"2766","SC482293",13
"2767","SC482410",13
"2768","SC482418",5
"2769","SC483714",1
"2770","SC468747",6
"2771","2637127",1
"2772","SC066466",1
"2773","1245823",225
"2774","2515380",34
"2775","2526875",34
"2776","2529355",127
"2777","SC042921",9
"2778","SC043255",9
"2779","SC476602",2
"2780","SC478315",4
"2781","SC478616",10
"2782","2529648",6
"2783","SC061678",1
"2784","SC061803",127
"2785","SC062317",11
"2786","2530086",9
"2787","2532471",2
"2788","1258343",8
"2789","1258463",5
"2790","1259184",3
"2791","1260700",1
"2792","1261138",5
"2793","1263126",6
"2794","1263505",10
"2795","SC064117",6
"2796","SC064557",2
"2797","SC058778",3
"2798","SC059842",6
"2799","SC059998",16
"2800","SC060936",3
"2801","1277552",131
"2802","2667771",2
"2803","2668482",1
"2804","2670263",8
"2805","2670636",1
"2806","2671651",34
"2807","2674686",53
"2808","2674760",2
"2809","2675807",2
"2810","2676045",4
"2811","SC361811",22
"2812","SC366112",23
"2813","SC377702",2
"2814","SC379123",5
"2815","SC476270",225
"2816","1236278",127
"2817","1240802",225
"2818","1245565",58
"2819","1246521",13
"2820","SC428084",11
"2821","SC430239",225
"2822","2547511",1
"2823","2547560",3
"2824","2547637",1
"2825","2547918",5
"2826","2548334",4
"2827","2623791",3
"2828","2624222",7
"2829","2624657",225
"2830","2625182",34
"2831","SC008271",34
"2832","SC008486",34
"2833","SC438648",5
"2834","1245829",5
"2835","1246834",2
"2836","1247244",2
"2837","1247764",41
"2838","1249035",24
"2839","SC003884",8
"2840","SC005589",34
"2841","SC006017",9
"2842","SC034108",6
"2843","SC034235",7
"2844","SC398391",16
"2845","SC486167",10
"2846","SC489036",5
"2847","SC489038",1
"2848","SC489970",5
"2849","1155761",1
"2850","1164089",131
"2851","1183069",127
"2852","1183197",5
"2853","1215521",5
"2854","1221437",2
"2855","SC063815",5
"2856","SC465120",1
"2857","SC465257",1
"2858","SC466786",6
"2859","SC468929",6
"2860","1259631",36
"2861","1263120",4
"2862","SC008268",34
"2863","SC008270",34
"2864","SC005050",34
"2865","SC005567",131
"2866","2586067",3
"2867","SC487764",3
"2868","SC488223",58
"2869","SC489416",24
"2870","SC489820",2
"2871","1156103",225
"2872","1220887",2
"2873","1223501",53
"2874","1226495",131
"2875","2513339",3
"2876","2515613",14
"2877","2517299",4
"2878","2519081",2
"2879","2522796",2
"2880","2523037",18
"2881","2587763",2
"2882","2590699",4
"2883","2591501",6
"2884","2502334",2
"2885","2503574",3
"2886","2503605",2
"2887","2503915",4
"2888","2507361",23
"2889","2507393",5
"2890","SC015254",127
"2891","SC015266",1
"2892","2663448",1
"2893","2664883",17
"2894","2665204",1
"2895","2665747",3
"2896","2668575",3
"2897","2669259",8
"2898","SC481844",6
"2899","SC482683",53
"2900","SC483828",2
"2901","SC483856",225
"2902","1244946",6
"2903","1247560",36
"2904","1247776",131
"2905","1248043",131
"2906","1248979",1
"2907","2545082",3
"2908","2527860",127
"2909","2626047",225
"2910","2627054",14
"2911","2632092",127
"2912","2632889",1
"2913","2633117",1
"2914","1249117",8
"2915","2651800",4
"2916","2654782",1
"2917","2661568",7
"2918","2662453",2
"2919","2662998",1
"2920","2651806",1
"2921","1255743",34
"2922","SC065553",17
"2923","SC065679",6
"2924","SC065684",2
"2925","SC478986",58
"2926","SC480075",1
"2927","SC480502",8
"2928","SC480655",5
"2929","SC477428",10
"2930","SC478134",225
"2931","SC479647",53
"2932","1276421",2
"2933","1277584",1
"2934","1277726",1
"2935","1278217",2
"2936","SC411046",4
"2937","SC411142",131
"2938","SC412296",2
"2939","SC412953",11
"2940","SC413985",12
"2941","SC485956",10
"2942","SC489223",6
"2943","SC040105",17
"2944","SC040500",8
"2945","SC040509",8
"2946","SC040638",12
"2947","2641768",4
"2948","2642570",3
"2949","2642643",17
"2950","SC020545",127
"2951","SC020602",131
"2952","SC021679",34
"2953","SC021684",10
"2954","SC022438",7
"2955","SC022447",4
"2956","SC064858",8
"2957","SC066560",22
"2958","2599773",1
"2959","SC415710",225
"2960","SC420388",131
"2961","SC420410",4
"2962","SC429523",9
"2963","SC431699",2
"2964","SC424280",8
"2965","SC426719",225
"2966","1241263",2
"2967","1241634",5
"2968","1241975",60
"2969","2532036",60
"2970","2534827",225
"2971","SC433430",58
"2972","SC436386",38
"2973","SC436818",1
"2974","SC437128",16
"2975","SC437171",1
"2976","SC437305",225
"2977","2602980",6
"2978","SC472465",225
"2979","SC472480",3
"2980","SC475335",16
"2981","SC475710",36
"2982","SC475715",36
"2983","SC476289",225
"2984","SC476303",225
"2985","SC456417",6
"2986","1231311",5
"2987","1231404",6
"2988","SC442779",7
"2989","SC444411",3
"2990","SC447645",14
"2991","2550082",3
"2992","SC368763",7
"2993","SC471289",3
"2994","SC473473",4
"2995","SC473475",10
"2996","SC051947",6
"2997","SC052744",6
"2998","1256973",2
"2999","1257796",225
"3000","1258091",225
"3001","1258134",34
"3002","1258434",60
"3003","1259508",13
"3004","1256417",10
"3005","1256904",8
"3006","1257013",58
"3007","1257022",3
"3008","2541467",1
"3009","2543640",2
"3010","2547837",6
"3011","2548260",2
"3012","2552579",2
"3013","2694810",3
"3014","2586947",3
"3015","2588593",1
"3016","2591479",14
"3017","2591688",2
"3018","2593928",4
"3019","2529667",6
"3020","SC029950",5
"3021","SC032163",6
"3022","SC032468",1
"3023","1251076",60
"3024","1253501",60
"3025","1254835",5
"3026","1254843",5
"3027","2639538",1
"3028","2639632",1
"3029","2681477",12
"3030","1267650",131
"3031","1268886",1
"3032","1270297",8
"3033","1271135",2
"3034","1273769",1
"3035","1276911",5
"3036","SC450045",10
"3037","SC450994",7
"3038","SC452107",5
"3039","SC452713",225
"3040","SC453372",6
"3041","2538287",15
"3042","2539201",58
"3043","2540073",6
"3044","SC470585",2
"3045","SC471153",225
"3046","SC471581",4
"3047","SC472795",41
"3048","SC473375",6
"3049","SC456477",225
"3050","2684203",14
"3051","2684211",2
"3052","2685151",2
"3053","2534436",2
"3054","2534684",13
"3055","2546474",5
"3056","2548794",2
"3057","2686253",2
"3058","2688398",13
"3059","2689015",9
"3060","2690778",13
"3061","1280370",18
"3062","2483830",5
"3063","2490996",60
"3064","2495397",5
"3065","2589621",60
"3066","2590109",3
"3067","SC423453",4
"3068","SC423606",2
"3069","2676828",3
"3070","2677270",2
"3071","2677465",4
"3072","2679810",4
"3073","2680042",1
"3074","2680522",36
"3075","2680860",2
"3076","2680923",1
"3077","2569520",1
"3078","2575372",1
"3079","2575463",5
"3080","2575713",4
"3081","2577171",9
"3082","2583028",2
"3083","2687920",5
"3084","SC001016",131
"3085","SC004085",1
"3086","SC005751",9
"3087","SC006294",38
"3088","SC007284",1
"3089","2580303",23
"3090","2582247",127
"3091","2671685",1
"3092","2672244",1
"3093","2673265",38
"3094","2674455",5
"3095","SC465634",6
"3096","SC467268",34
"3097","SC467847",4
"3098","SC469686",58
"3099","SC471178",38
"3100","SC407169",5
"3101","SC409506",2
"3102","SC454266",225
"3103","SC456271",14
"3104","SC456474",225
"3105","SC456800",225
"3106","SC457132",225
"3107","SC457137",225
"3108","SC457272",225
"3109","SC457500",225
"3110","1256452",7
"3111","SC462583",10
"3112","SC463639",4
"3113","SC463692",3
"3114","SC464759",16
"3115","SC465475",3
"3116","SC465588",1
"3117","SC067839",5
"3118","SC457553",225
"3119","SC038780",16
"3120","SC039038",6
"3121","2668710",10
"3122","2669323",1
"3123","2672566",2
"3124","2674029",1
"3125","2674818",2
"3126","2675665",1
"3127","2675902",6
"3128","SC011185",8
"3129","1234374",8
"3130","1234432",5
"3131","SC059853",6
"3132","SC060034",12
"3133","SC062128",2
"3134","SC063653",5
"3135","SC424271",12
"3136","SC424348",8
"3137","SC426751",3
"3138","SC483070",6
"3139","SC483958",4
"3140","SC484402",4
"3141","SC022448",4
"3142","SC023651",1
"3143","2647110",1
"3144","2647163",1
"3145","2647514",53
"3146","2648027",58
"3147","2649745",225
"3148","2649926",8
"3149","2650947",3
"3150","2550526",17
"3151","2550830",1
"3152","2558515",3
"3153","2561726",6
"3154","2570535",131
"3155","2630701",1
"3156","2594061",4
"3157","SC408513",58
"3158","SC413223",2
"3159","SC416318",38
"3160","SC416915",10
"3161","SC417795",21
"3162","SC419808",6
"3163","SC422481",13
"3164","2510323",2
"3165","2510328",1
"3166","2638736",6
"3167","2639649",1
"3168","SC008608",34
"3169","SC047894",5
"3170","SC049189",34
"3171","2584908",6
"3172","2587132",3
"3173","2587233",3
"3174","SC471038",225
"3175","SC472139",3
"3176","SC472417",4
"3177","SC051739",38
"3178","SC042950",9
"3179","SC043697",6
"3180","SC046480",8
"3181","2571846",8
"3182","2577014",4
"3183","SC025813",3
"3184","SC028174",7
"3185","SC028505",38
"3186","SC029560",2
"3187","SC008485",5
"3188","SC012001",13
"3189","SC436372",225
"3190","1275966",16
"3191","1270301",5
"3192","1271375",127
"3193","1272657",2
"3194","1276442",60
"3195","SC438764",3
"3196","SC441717",21
"3197","SC446325",225
"3198","SC447457",2
"3199","SC450992",225
"3200","SC424351",8
"3201","1234244",60
"3202","1236620",225
"3203","1238043",14
"3204","1239953",131
"3205","1240753",24
"3206","1240801",13
"3207","2509300",36
"3208","2509381",5
"3209","2509800",6
"3210","SC037447",7
"3211","SC066048",6
"3212","SC066218",1
"3213","SC066747",10
"3214","SC067865",5
"3215","SC067899",225
"3216","SC068046",8
"3217","2594875",6
"3218","SC382595",1
"3219","SC386057",1
"3220","SC387148",2
"3221","SC389781",2
"3222","SC392712",2
"3223","SC394463",2
"3224","SC396104",5
"3225","SC397987",2
"3226","1270731",2
"3227","SC006010",9
"3228","SC006014",9
"3229","SC006921",12
"3230","SC016124",131
"3231","SC016697",1
"3232","SC020675",19
"3233","2525634",7
"3234","2528486",2
"3235","2628612",1
"3236","2631136",1
"3237","SC457318",225
"3238","SC458141",7
"3239","1244280",36
"3240","1246831",8
"3241","1247559",36
"3242","1249034",8
"3243","1249115",24
"3244","SC424089",19
"3245","SC424897",4
"3246","SC425071",41
"3247","SC430022",6
"3248","SC431799",6
"3249","SC484247",53
"3250","SC485540",36
"3251","SC488112",2
"3252","SC480429",225
"3253","SC412385",14
"3254","SC416136",5
"3255","SC419229",4
"3256","SC425859",3
"3257","SC065313",127
"3258","SC065378",127
"3259","1230268",2
"3260","1230411",12
"3261","1231399",127
"3262","1233899",6
"3263","1278959",1
"3264","2483693",58
"3265","SC403472",41
"3266","SC405448",6
"3267","SC408584",7
"3268","2529785",6
"3269","2529815",2
"3270","2530059",53
"3271","2530832",53
"3272","2548403",5
"3273","2548571",4
"3274","2549726",4
"3275","2550622",225
"3276","2552036",1
"3277","SC421531",58
"3278","2640082",2
"3279","2641044",19
"3280","2641790",2
"3281","SC057804",19
"3282","SC059261",131
"3283","SC068955",10
"3284","SC062263",18
"3285","SC062268",9
"3286","SC063318",6
"3287","1256059",34
"3288","SC456535",225
"3289","1256135",34
"3290","1256367",34
"3291","1256404",34
"3292","1256795",60
"3293","1258276",3
"3294","2587047",41
"3295","1232171",1
"3296","1232650",1
"3297","2633398",4
"3298","2633602",17
"3299","2483715",13
"3300","2491062",3
"3301","1236532",8
"3302","1236540",5
"3303","1237027",6
"3304","1237582",5
"3305","1239948",4
"3306","1240843",24
"3307","1241757",13
"3308","1241836",127
"3309","SC429702",131
"3310","SC429995",21
"3311","SC431696",13
"3312","SC432843",1
"3313","SC435152",1
"3314","SC437486",6
"3315","2686229",1
"3316","2608630",4
"3317","2608645",3
"3318","2608872",5
"3319","2608892",5
"3320","2608968",5
"3321","2532139",2
"3322","2534580",127
"3323","2537060",127
"3324","2537782",131
"3325","2538267",6
"3326","2617199",3
"3327","2618445",2
"3328","2619057",1
"3329","SC025745",12
"3330","2638202",6
"3331","1236450",225
"3332","1236771",53
"3333","1240936",22
"3334","1241785",127
"3335","1241840",38
"3336","1241897",10
"3337","SC039248",22
"3338","SC043245",38
"3339","SC043732",9
"3340","SC034495",17
"3341","SC035220",14
"3342","SC035380",7
"3343","SC025714",12
"3344","SC025715",12
"3345","SC025733",1
"3346","SC025747",12
"3347","2500668",6
"3348","2501566",1
"3349","SC449099",127
"3350","SC449245",131
"3351","SC020171",3
"3352","SC020594",131
"3353","SC020608",131
"3354","SC020610",131
"3355","SC021683",34
"3356","2673264",38
"3357","SC467264",5
"3358","SC448997",5
"3359","SC454294",5
"3360","SC455338",58
"3361","SC455864",4
"3362","1257706",2
"3363","1259216",8
"3364","1263425",10
"3365","2693124",1
"3366","2613677",53
"3367","2614095",53
"3368","2614511",225
"3369","2615067",5
"3370","2615395",34
"3371","2618553",1
"3372","2620266",3
"3373","2623544",2
"3374","2672242",3
"3375","2650950",1
"3376","1228090",22
"3377","1229229",58
"3378","SC035154",5
"3379","SC035181",14
"3380","1271979",2
"3381","1273719",1
"3382","SC389830",23
"3383","SC390751",1
"3384","SC394478",2
"3385","SC397344",9
"3386","SC398480",16
"3387","SC034012",6
"3388","SC034301",10
"3389","SC034900",8
"3390","2509731",3
"3391","2511614",14
"3392","2511662",127
"3393","SC370956",131
"3394","SC372511",4
"3395","SC372621",131
"3396","SC035222",7
"3397","SC035954",1
"3398","1247390",2
"3399","1249111",2
"3400","SC008810",38
"3401","SC364812",10
"3402","SC369825",15
"3403","2526893",34
"3404","2593261",6
"3405","2594148",1
"3406","2594952",41
"3407","2595128",1
"3408","2597722",4
"3409","2599037",2
"3410","2656590",1
"3411","SC035657",225
"3412","SC036262",17
"3413","2543427",131
"3414","2544851",1
"3415","2546960",6
"3416","2548528",1
"3417","2588370",16
"3418","2590342",14
"3419","2590522",38
"3420","2590578",2
"3421","2590832",4
"3422","2591822",1
"3423","2682789",1
"3424","SC374405",38
"3425","2675339",1
"3426","2676499",1
"3427","2677723",3
"3428","2678053",1
"3429","2681478",12
"3430","2682000",6
"3431","SC025417",34
"3432","2648868",4
"3433","2649743",58
"3434","2649904",4
"3435","2650092",1
"3436","2650948",1
"3437","2653835",53
"3438","2656731",10
"3439","2660251",1
"3440","2544219",6
"3441","SC000802",1
"3442","2638535",7
"3443","2642537",2
"3444","2645675",1
"3445","2645878",14
"3446","2649767",1
"3447","2649772",225
"3448","2650054",6
"3449","2651501",4
"3450","2651802",1
"3451","2521953",53
"3452","SC061924",3
"3453","SC062248",6
"3454","SC062651",5
"3455","SC063110",6
"3456","2589537",3
"3457","SC378464",58
"3458","SC381085",15
"3459","SC381667",5
"3460","SC382138",7
"3461","SC477900",5
"3462","SC478468",225
"3463","SC482295",13
"3464","SC483623",1
"3465","1244245",1
"3466","SC432140",6
"3467","1252757",12
"3468","2530021",6
"3469","2498466",15
"3470","2532840",6
"3471","2571870",7
"3472","2572248",7
"3473","2592441",3
"3474","2597886",7
"3475","2665502",17
"3476","2682261",10
"3477","2682502",6
"3478","2687918",2
"3479","2694582",10
"3480","2699377",1
"3481","2701362",11
"3482","2702037",5
"3483","2702150",11
"3484","2702602",22
"3485","2704517",5
"3486","2706449",11
"3487","2707715",11
"3488","2710606",4
"3489","2712872",17
"3490","2713112",6
"3491","2716136",1
"3492","2730932",12
