"Table 12: House Price per area, 2004- 2016 by local authority (excluding flats)",,,,,,,,,,,,,,,,
,,,,,,,,,,,,,,,,
Region code,Region name,LA code,LA name,2004,2005,2006,2007,2008,2009,2010,2011,2012,2013,2014,2015,2016
E12000001,North East,E06000001,Hartlepool,1096,1397,1551,1611,1449,1374,1457,1260,1212,1125,1067,1061,944
E12000001,North East,E06000002,Middlesbrough,1177,1663,1825,1761,1690,1526,1427,1408,1443,1320,1327,1403,1274
E12000001,North East,E06000003,Redcar and Cleveland,1142,1442,1457,1633,1817,1512,1470,1511,1353,1235,1364,1240,1303
E12000001,North East,E06000004,Stockton-on-Tees,1282,1584,1781,1835,1652,1682,1756,1609,1580,1473,1422,1450,1388
E12000001,North East,E06000005,Darlington,1548,1703,1886,1958,1938,1669,1831,1604,1428,1490,1543,1443,1527
E12000001,North East,E06000047,County Durham,1286,1555,1641,1674,1683,1549,1526,1398,1345,1225,1171,1184,1190
E12000001,North East,E06000057,Northumberland,1478,1657,1830,1894,1814,1717,1675,1618,1568,1476,1510,1558,1589
E12000001,North East,E08000021,Newcastle upon Tyne,1872,1984,2218,2227,2126,1895,1870,1781,1781,1744,1782,1901,1949
E12000001,North East,E08000022,North Tyneside,1657,1797,1892,1974,1817,1761,1730,1640,1694,1656,1732,1784,1839
E12000001,North East,E08000023,South Tyneside,1279,1475,1627,1750,1610,1501,1476,1446,1392,1355,1350,1409,1437
E12000001,North East,E08000024,Sunderland,1336,1518,1618,1597,1502,1452,1422,1408,1329,1278,1303,1245,1257
E12000001,North East,E08000037,Gateshead,1450,1709,1752,1843,1693,1654,1581,1499,1555,1624,1519,1485,1566
E12000002,North West,E06000006,Halton,1636,1851,1917,2154,2116,1761,1709,1521,1615,1564,1452,1400,1692
E12000002,North West,E06000007,Warrington,2129,2364,2482,2553,2376,2110,2137,2093,1991,2052,2157,2146,2093
E12000002,North West,E06000008,Blackburn with Darwen,1246,1449,1584,1747,1663,1574,1338,1341,1235,1198,1218,1220,1340
E12000002,North West,E06000009,Blackpool,1612,1811,1794,1876,1802,1576,1499,1367,1382,1295,1270,1333,1299
E12000002,North West,E06000049,Cheshire East,2171,2408,2468,2534,2436,2220,2318,2141,2167,2177,2302,2286,2447
E12000002,North West,E06000050,Cheshire West and Chester,2125,2430,2306,2401,2279,2176,2097,2116,2041,2024,2121,2178,2182
E12000002,North West,E07000026,Allerdale,1158,1489,1625,1699,1550,1622,1718,1433,1349,1508,1459,1394,1493
E12000002,North West,E07000027,Barrow-in-Furness,876,964,1166,1282,1396,1249,1214,1160,1314,1139,1116,1160,1223
E12000002,North West,E07000028,Carlisle,1294,1474,1582,1615,1609,1423,1428,1426,1416,1338,1353,1347,1446
E12000002,North West,E07000029,Copeland,927,999,1197,1361,1416,1166,1094,1084,1081,1015,989,1152,1138
E12000002,North West,E07000030,Eden,1763,1854,2055,2033,2039,2449,2024,2011,1715,1798,1970,2057,2065
E12000002,North West,E07000031,South Lakeland,2046,2298,2396,2592,2427,2255,2267,2267,2105,2093,2192,2145,2166
E12000002,North West,E07000117,Burnley,836,1147,1318,1493,1295,1137,1079,1210,947,865,1077,951,925
E12000002,North West,E07000118,Chorley,1618,2018,2190,2254,2462,1949,1826,1936,2075,1911,1911,2086,1712
E12000002,North West,E07000119,Fylde,1950,2105,2397,2559,2347,2084,2052,1972,1896,1987,1989,1941,1999
E12000002,North West,E07000120,Hyndburn,631,1228,1383,1208,1310,1253,1196,1109,1006,888,887,986,1003
E12000002,North West,E07000121,Lancaster,1864,1964,1959,2061,2038,2021,1964,1854,1818,1772,1889,1877,1844
E12000002,North West,E07000122,Pendle,1021,1147,1567,1533,1612,1336,1275,1060,1182,1202,1254,1215,1130
E12000002,North West,E07000123,Preston,1503,1807,1861,2139,1909,1788,1628,1538,1501,1479,1537,1528,1529
E12000002,North West,E07000124,Ribble Valley,1815,2323,2187,2119,2159,2050,2012,1947,1908,2089,2053,2065,1733
E12000002,North West,E07000125,Rossendale,1576,1421,1656,1951,1585,1384,1353,1604,1499,1344,1218,1234,1370
E12000002,North West,E07000126,South Ribble,2039,2360,2406,2434,2309,2171,2014,1758,1899,1755,1892,1920,1883
E12000002,North West,E07000127,West Lancashire,1580,1706,1676,1752,1603,1746,1649,1752,1666,1735,1648,1600,1692
E12000002,North West,E07000128,Wyre,1808,2006,2107,2173,2088,1979,1810,1606,1563,1469,1593,1661,1753
E12000002,North West,E08000001,Bolton,1408,1796,1942,2090,1975,1751,1644,1641,1685,1746,1595,1595,1550
E12000002,North West,E08000002,Bury,1605,2024,2148,2179,1959,1704,1720,1846,1572,1601,1631,1716,1764
E12000002,North West,E08000003,Manchester,1800,2163,2493,2608,2470,2237,2214,2170,2127,2150,2212,2361,2578
E12000002,North West,E08000004,Oldham,1333,1660,1886,2075,1970,1618,1733,1553,1444,1544,1583,1514,1648
E12000002,North West,E08000005,Rochdale,1552,1828,1946,1976,1964,1753,1675,1462,1424,1378,1425,1558,1596
E12000002,North West,E08000006,Salford,1940,2217,2303,2431,2390,2120,1995,1928,1791,1748,1883,1898,2130
E12000002,North West,E08000007,Stockport,2174,2501,2508,2568,2465,2322,2289,2183,2203,2209,2307,2536,2576
E12000002,North West,E08000008,Tameside,1814,2015,2104,2272,2252,1960,1863,1938,1797,1713,1808,1735,1842
E12000002,North West,E08000009,Trafford,2413,2701,2601,2725,2528,2307,2502,2357,2322,2402,2453,2742,2991
E12000002,North West,E08000010,Wigan,1508,1683,1896,2026,1949,1588,1574,1524,1378,1338,1334,1373,1469
E12000002,North West,E08000011,Knowsley,1293,1655,1894,1748,1729,1525,1420,1570,1229,1393,1408,1262,1240
E12000002,North West,E08000012,Liverpool,1483,1714,1814,1813,1640,1617,1599,1499,1371,1469,1391,1416,1436
E12000002,North West,E08000013,St Helens,1554,1759,1888,2078,2034,1604,1518,1472,1275,1389,1555,1304,1411
E12000002,North West,E08000014,Sefton,1524,1822,1808,1880,1835,1717,1708,1587,1591,1511,1564,1576,1600
E12000002,North West,E08000015,Wirral,1683,1892,1999,2105,1883,1770,1784,1724,1703,1652,1694,1816,1770
E12000003,Yorkshire and The Humber,E06000010,City of Kingston upon Hull,1150,1356,1654,1639,1592,1509,1504,1367,1314,1339,1418,1466,1535
E12000003,Yorkshire and The Humber,E06000011,East Riding of Yorkshire,1693,1969,2138,2188,2089,1888,1940,1792,1723,1667,1694,1686,1715
E12000003,Yorkshire and The Humber,E06000012,North East Lincolnshire,955,1065,1152,1362,1292,1151,1108,1052,1009,1078,1085,1098,1118
E12000003,Yorkshire and The Humber,E06000013,North Lincolnshire,1100,1364,1331,1387,1297,1348,1356,1308,1358,1081,1108,1229,1289
E12000003,Yorkshire and The Humber,E06000014,York,2418,2717,2686,2947,2773,2573,2670,2624,2606,2585,2708,2841,2996
E12000003,Yorkshire and The Humber,E07000163,Craven,1988,2542,2466,2638,2525,2603,2373,2340,2079,2227,2053,2457,2263
E12000003,Yorkshire and The Humber,E07000164,Hambleton,2553,2802,2717,2789,2602,2478,2423,2392,2351,2206,2557,2410,2547
E12000003,Yorkshire and The Humber,E07000165,Harrogate,2333,2504,2605,2678,2535,2384,2404,2377,2305,2315,2434,2610,2820
E12000003,Yorkshire and The Humber,E07000166,Richmondshire,1822,2560,2207,2143,2216,2006,2130,2006,1896,1825,1649,1892,2042
E12000003,Yorkshire and The Humber,E07000167,Ryedale,1966,1966,2179,2121,2290,1877,2186,2352,2070,1770,1857,2038,2046
E12000003,Yorkshire and The Humber,E07000168,Scarborough,1770,1885,1965,2078,2022,1757,1831,1782,1621,1605,1562,1562,1477
E12000003,Yorkshire and The Humber,E07000169,Selby,1883,1958,2284,2244,2198,1898,2152,2153,1893,1854,1715,1951,1859
E12000003,Yorkshire and The Humber,E08000016,Barnsley,1535,1866,1879,1903,1784,1640,1410,1492,1411,1391,1414,1410,1731
E12000003,Yorkshire and The Humber,E08000017,Doncaster,1588,1815,1920,1935,1830,1641,1571,1696,1458,1484,1523,1530,1499
E12000003,Yorkshire and The Humber,E08000018,Rotherham,1317,1681,1814,1872,1754,1767,1647,1556,1560,1415,1405,1485,1357
E12000003,Yorkshire and The Humber,E08000019,Sheffield,1755,2053,2163,2467,2375,1929,1796,1814,1834,1818,1867,1886,2044
E12000003,Yorkshire and The Humber,E08000032,Bradford,1301,1690,1876,2115,2042,1768,1769,1630,1554,1546,1658,1554,1699
E12000003,Yorkshire and The Humber,E08000033,Calderdale,1500,2019,2054,2186,2002,1786,1795,1591,1595,1618,1687,1780,1742
E12000003,Yorkshire and The Humber,E08000034,Kirklees,1607,1933,2258,2261,2101,1920,1749,1796,1696,1634,1617,1586,1609
E12000003,Yorkshire and The Humber,E08000035,Leeds,2267,2574,2749,2941,2698,2339,2359,2213,2179,2168,2270,2367,2529
E12000003,Yorkshire and The Humber,E08000036,Wakefield,1741,1934,1948,2158,2019,1828,1683,1658,1601,1707,1609,1733,1777
E12000004,East Midlands,E06000015,City of Derby,1668,1919,2087,2190,1882,1799,1647,1643,1621,1628,1666,1641,1771
E12000004,East Midlands,E06000016,Leicester,1878,1903,2024,2053,1954,1734,1709,1751,1759,1671,1779,1843,2029
E12000004,East Midlands,E06000017,Rutland,1904,2012,2095,2160,2425,1863,1703,2061,2006,1881,2688,2416,2430
E12000004,East Midlands,E06000018,City of Nottingham,2098,2170,2162,2095,1877,1555,1628,1594,1616,1555,1713,1783,1864
E12000004,East Midlands,E07000032,Amber Valley,1579,1541,1883,2188,1939,1951,1687,1589,1873,1665,1838,1691,1983
E12000004,East Midlands,E07000033,Bolsover,1089,1469,1479,1511,1781,892,1175,1098,1030,1082,1303,985,1654
E12000004,East Midlands,E07000034,Chesterfield,1759,1715,1972,2048,1877,1475,1476,1503,1411,1576,1639,1653,1605
E12000004,East Midlands,E07000035,Derbyshire Dales,2134,2160,2158,2342,2340,2034,2189,2028,1951,2199,2232,2214,2291
E12000004,East Midlands,E07000036,Erewash,1592,1765,2100,2058,1853,1754,1623,1687,1835,1678,1652,1705,1915
E12000004,East Midlands,E07000037,High Peak,1766,2153,2544,2475,2351,2175,2051,1844,2083,1960,1994,1977,2046
E12000004,East Midlands,E07000038,North East Derbyshire,1735,2340,2351,2187,2292,1832,1620,1645,1539,1642,1838,2050,1991
E12000004,East Midlands,E07000039,South Derbyshire,2042,1975,2608,2897,2152,2064,2155,1944,1911,1700,1727,1974,1898
E12000004,East Midlands,E07000129,Blaby,1907,1983,2168,2167,2175,1816,1895,1852,1730,1626,1839,1950,1935
E12000004,East Midlands,E07000130,Charnwood,1979,2125,2076,2226,2162,2046,1970,1905,1829,1830,1766,1864,2050
E12000004,East Midlands,E07000131,Harborough,2082,1978,2359,2310,2297,2186,2130,2066,2115,2142,2061,2279,2418
E12000004,East Midlands,E07000132,Hinckley and Bosworth,1696,1927,1955,2003,1940,1801,1754,1682,1630,1648,1671,1761,1777
E12000004,East Midlands,E07000133,Melton,1750,1745,1810,2213,1926,1744,1582,1726,2014,1811,1844,1872,1717
E12000004,East Midlands,E07000134,North West Leicestershire,1764,2018,2098,2038,2174,1649,1561,1613,1648,1738,1781,1788,1703
E12000004,East Midlands,E07000135,Oadby and Wigston,2043,2065,2289,1919,2058,1567,2085,1774,1716,1748,1973,2143,2123
E12000004,East Midlands,E07000136,Boston,1223,1284,1516,1519,1526,1228,1249,1189,1158,1129,1374,1324,1397
E12000004,East Midlands,E07000137,East Lindsey,1380,1423,1500,1547,1814,1552,1282,1383,1344,1272,1448,1366,1499
E12000004,East Midlands,E07000138,Lincoln,1547,1750,1995,2071,1997,1823,1672,1614,1616,1813,1954,1870,1916
E12000004,East Midlands,E07000139,North Kesteven,1290,1640,1877,2053,1518,1597,1570,1398,1584,1446,1544,1503,1614
E12000004,East Midlands,E07000140,South Holland,1126,1363,1365,1940,1704,1455,1522,1315,1284,1416,1333,1361,1481
E12000004,East Midlands,E07000141,South Kesteven,1689,1901,2157,2237,1939,1765,1733,1738,1875,1803,1931,1932,1840
E12000004,East Midlands,E07000142,West Lindsey,1049,1258,1361,1446,1482,1445,1409,1316,1307,1169,1233,1374,1239
E12000004,East Midlands,E07000150,Corby,1177,1417,1529,1664,1584,1380,1289,1367,1368,1332,1342,1520,1680
E12000004,East Midlands,E07000151,Daventry,1965,2131,2268,2352,2308,1931,1843,1955,1797,1860,1973,2233,2259
E12000004,East Midlands,E07000152,East Northamptonshire,1693,1814,1962,2044,1842,1729,1815,1837,1743,1704,1905,1950,1917
E12000004,East Midlands,E07000153,Kettering,1581,1659,1805,1837,1927,1623,1580,1381,1451,1493,1657,1629,1835
E12000004,East Midlands,E07000154,Northampton,2046,2150,2163,2240,2068,1812,1820,1767,1788,1930,1988,2163,2299
E12000004,East Midlands,E07000155,South Northamptonshire,2433,2461,2594,2668,2641,2315,2440,2396,2240,2153,2432,2637,2852
E12000004,East Midlands,E07000156,Wellingborough,1440,1557,1748,1947,1742,1570,1442,1638,1404,1476,1600,1617,1871
E12000004,East Midlands,E07000170,Ashfield,1157,1628,1691,1682,1491,1343,1301,1523,1515,1269,1471,1248,1380
E12000004,East Midlands,E07000171,Bassetlaw,1106,1558,1755,1766,1775,1627,1510,1337,1416,1252,1376,1529,1501
E12000004,East Midlands,E07000172,Broxtowe,1722,2060,2142,2060,2028,1707,1741,1680,1503,1519,1582,1723,1608
E12000004,East Midlands,E07000173,Gedling,1720,1770,1884,2002,1933,1900,1656,1749,1652,1699,1782,1740,1957
E12000004,East Midlands,E07000174,Mansfield,1321,1647,1746,1710,1719,1395,1268,1181,1181,1114,1497,1336,1423
E12000004,East Midlands,E07000175,Newark and Sherwood,1530,2034,1727,1931,1644,1729,1347,1473,1576,1381,1501,1571,1648
E12000004,East Midlands,E07000176,Rushcliffe,2341,2464,2436,2430,2356,2239,2040,2117,2153,2180,2229,2399,2518
E12000005,West Midlands,E06000019,Herefordshire,1884,1908,2079,2171,1996,1860,1826,1874,1789,1801,1854,1896,1981
E12000005,West Midlands,E06000020,Telford and Wrekin,1314,1523,1534,1818,1786,1606,1589,1578,1500,1683,1489,1478,1506
E12000005,West Midlands,E06000021,Stoke-on-Trent,1237,1460,1891,1874,1885,1692,1500,1406,1321,1375,1499,1491,1572
E12000005,West Midlands,E06000051,Shropshire,1968,2211,2369,2480,2500,2258,2207,2068,2032,1995,2040,2120,2246
E12000005,West Midlands,E07000192,Cannock Chase,1578,1627,2102,2225,2121,2002,1881,1638,1468,1714,1929,1726,1789
E12000005,West Midlands,E07000193,East Staffordshire,1612,1915,2186,2233,2006,1759,1756,1785,1660,1870,1745,1818,1835
E12000005,West Midlands,E07000194,Lichfield,2350,2420,2468,2640,2460,2292,2321,2143,2184,2112,2344,2440,2396
E12000005,West Midlands,E07000195,Newcastle-under-Lyme,1699,1732,1686,1687,1865,1757,1791,1451,1455,1574,1709,1794,1685
E12000005,West Midlands,E07000196,South Staffordshire,2207,2493,2748,2386,2827,2434,2098,2144,1981,1914,2013,2169,2326
E12000005,West Midlands,E07000197,Stafford,1802,2054,1985,2289,2408,1961,1880,2108,1956,2053,2054,1912,2061
E12000005,West Midlands,E07000198,Staffordshire Moorlands,1535,1832,1924,2138,1830,1848,1976,1912,1576,2120,1728,1678,2126
E12000005,West Midlands,E07000199,Tamworth,1830,2050,1978,2260,2329,1943,1843,1850,1819,1763,1794,2016,1976
E12000005,West Midlands,E07000218,North Warwickshire,1910,2154,2095,2087,1729,2071,1977,1865,1989,1827,2088,2112,2286
E12000005,West Midlands,E07000219,Nuneaton and Bedworth,1511,1840,1746,1873,1723,1386,1506,1621,1543,1564,1551,1555,1681
E12000005,West Midlands,E07000220,Rugby,1991,2203,2302,2270,2217,1753,1952,1801,1949,2013,2226,2175,2321
E12000005,West Midlands,E07000221,Stratford-on-Avon,2627,2829,2887,2895,2643,2441,2700,2519,2734,2577,2828,2974,3024
E12000005,West Midlands,E07000222,Warwick,2569,2755,2793,2925,2705,2526,2570,2657,2613,2697,3020,3208,3464
E12000005,West Midlands,E07000234,Bromsgrove,2547,2728,2543,2742,2627,2413,2474,2188,2473,2411,2404,2559,2657
E12000005,West Midlands,E07000235,Malvern Hills,2159,2241,2357,2433,2190,2273,2259,2176,2020,1983,2222,2208,2399
E12000005,West Midlands,E07000236,Redditch,1796,1693,2135,2035,2201,1837,1694,1968,1720,1707,1726,1932,2019
E12000005,West Midlands,E07000237,Worcester,2110,2348,2487,2570,2402,1950,2055,2054,2145,2063,2240,2261,2331
E12000005,West Midlands,E07000238,Wychavon,2175,2215,2343,2538,2204,2144,2136,2196,2119,2092,2201,2179,2310
E12000005,West Midlands,E07000239,Wyre Forest,1954,2215,2212,2232,2081,1987,1854,1786,1784,1729,1803,1899,2054
E12000005,West Midlands,E08000025,Birmingham,1925,2151,2214,2262,2201,1974,1945,1917,1917,1914,1999,2007,2174
E12000005,West Midlands,E08000026,Coventry,1743,1922,2003,2132,2042,1813,1911,1773,1897,1879,1908,1933,2125
E12000005,West Midlands,E08000027,Dudley,1624,1832,1921,2013,1997,2026,2058,1936,1763,1661,1842,1869,1864
E12000005,West Midlands,E08000028,Sandwell,1668,1870,1948,1972,1792,1641,1660,1632,1562,1571,1545,1563,1623
E12000005,West Midlands,E08000029,Solihull,2208,2428,2544,2585,2471,2255,2335,2313,2334,2274,2409,2538,2690
E12000005,West Midlands,E08000030,Walsall,1931,2080,2041,2195,2056,1802,1705,1654,1617,1568,1644,1657,1789
E12000005,West Midlands,E08000031,Wolverhampton,1727,1979,1888,1974,1861,1641,1580,1559,1585,1555,1644,1595,1633
E12000006,East,E06000031,City of Peterborough,1705,2115,2137,2129,1935,1798,1674,1609,1596,1702,1743,1834,1939
E12000006,East,E06000032,Luton,2467,2669,2735,2935,2708,2268,2335,2272,2369,2309,2499,2925,3395
E12000006,East,E06000033,Southend-on-Sea,2593,2740,2914,3036,2905,2678,2709,2701,2701,2785,2880,3159,3729
E12000006,East,E06000034,Thurrock,2939,3184,3282,3284,3136,2749,2788,2788,2971,3013,3114,3488,4100
E12000006,East,E06000055,Bedford,2433,2667,2835,2917,2836,2503,2465,2526,2439,2543,2588,2644,2994
E12000006,East,E06000056,Central Bedfordshire,2586,2782,3084,3105,2932,2523,2741,2790,2696,2707,2943,3189,3570
E12000006,East,E07000008,Cambridge,3457,3580,4183,4787,4738,4200,4436,4487,4690,5169,5336,6005,6758
E12000006,East,E07000009,East Cambridgeshire,2039,2446,2281,2774,2470,2327,2235,2220,2312,2542,2421,2721,3084
E12000006,East,E07000010,Fenland,1525,1612,1616,1843,1779,1579,1345,1397,1395,1399,1425,1584,1744
E12000006,East,E07000011,Huntingdonshire,2083,2141,2280,2364,2310,2024,2147,2174,2160,2085,2227,2365,2717
E12000006,East,E07000012,South Cambridgeshire,2647,3059,3251,3645,2881,2854,2958,3066,2884,3040,3144,3369,3983
E12000006,East,E07000066,Basildon,2610,2672,2803,2920,3104,2645,2673,2787,2883,2833,3062,3703,3894
E12000006,East,E07000067,Braintree,2674,2848,2899,3011,2904,2542,2604,2607,2612,2523,2803,3054,3390
E12000006,East,E07000068,Brentwood,3376,3577,3851,4289,4233,3714,3921,3837,3816,3942,4279,4816,5345
E12000006,East,E07000069,Castle Point,2546,2709,2808,2944,2921,2612,2747,2621,2563,2478,2864,2941,3438
E12000006,East,E07000070,Chelmsford,3185,3279,3410,3600,3495,3105,3282,3178,3284,3347,3736,4096,4525
E12000006,East,E07000071,Colchester,2461,2615,2841,3104,2847,2626,2644,2632,2523,2589,2730,2946,3171
E12000006,East,E07000072,Epping Forest,3799,3751,3939,4361,4327,3861,4174,4087,4159,4298,4871,5356,5943
E12000006,East,E07000073,Harlow,2741,2806,2981,3145,3169,2796,2687,2730,2883,2882,3122,3565,3930
E12000006,East,E07000074,Maldon,2642,2867,2911,3007,2903,2516,2598,2675,2469,2663,2736,3195,3404
E12000006,East,E07000075,Rochford,2732,3034,3332,3425,3594,2926,2978,2929,2936,2993,3012,3385,3701
E12000006,East,E07000076,Tendring,1996,2054,2269,2504,2159,1940,2047,2050,1983,1844,1989,2054,2312
E12000006,East,E07000077,Uttlesford,2857,3254,3421,3480,3578,3074,3080,3390,3144,3255,3417,3887,4175
E12000006,East,E07000095,Broxbourne,3434,3514,3648,3747,3642,3311,3414,3314,3300,3402,3790,4209,4745
E12000006,East,E07000096,Dacorum,3394,3475,3718,3986,3888,3438,3809,4071,3809,3948,4288,4718,5550
E12000006,East,E07000098,Hertsmere,3894,4051,4051,4544,4488,3973,4145,4369,4458,4607,5091,5395,6225
E12000006,East,E07000099,North Hertfordshire,3072,3257,3436,3767,3488,3141,3207,3297,3298,3198,3612,4109,4503
E12000006,East,E07000102,Three Rivers,3615,3638,3980,4350,4176,3865,3992,4015,4164,4249,4756,5059,6195
E12000006,East,E07000103,Watford,3842,3906,4106,4422,4279,3946,4185,4381,4087,4264,4635,5042,6396
E12000006,East,E07000143,Breckland,1537,1916,1963,2243,2016,1653,1855,1841,1843,1777,1809,1936,2117
E12000006,East,E07000144,Broadland,1993,2084,2109,2376,2304,2021,2172,2062,2234,2252,2315,2512,2603
E12000006,East,E07000145,Great Yarmouth,1628,1587,1722,1891,1720,1575,1437,1463,1502,1530,1516,1640,1654
E12000006,East,E07000146,King's Lynn and West Norfolk ,1730,1933,1977,2062,2049,1813,1757,1733,1776,1699,1733,1918,2005
E12000006,East,E07000147,North Norfolk,1866,1886,2079,2232,2514,1925,1983,1898,1921,1835,1963,2081,2286
E12000006,East,E07000148,Norwich,1992,2216,2352,2832,2583,2430,2209,2135,2265,2338,2426,2646,2823
E12000006,East,E07000149,South Norfolk,1893,2180,2259,2721,2714,2259,2105,2136,2076,2106,2388,2480,2621
E12000006,East,E07000200,Babergh,2004,2168,2271,2310,2248,2018,2233,1970,2109,2110,2264,2416,2605
E12000006,East,E07000201,Forest Heath,2080,1943,2054,2332,2315,1925,2075,1972,1984,2085,2041,2078,2382
E12000006,East,E07000202,Ipswich,1939,2135,2217,2267,2218,2077,1988,1921,1890,1934,2098,2202,2362
E12000006,East,E07000203,Mid Suffolk,1911,2088,2265,2459,2358,2060,2096,1963,1892,2223,2445,2566,2713
E12000006,East,E07000204,St Edmundsbury,2090,2365,2332,2472,2547,2437,2355,2255,2319,2248,2876,2660,2872
E12000006,East,E07000205,Suffolk Coastal,2083,2253,2282,2423,2512,2294,2436,2345,2374,2357,2417,2558,2662
E12000006,East,E07000206,Waveney,1578,1757,1711,2025,1734,1797,1610,1760,1569,1698,1746,1683,1851
E12000006,East,E07000240,St Albans,3894,3949,4334,4663,4662,4102,4435,4702,4793,4998,5424,6216,6601
E12000006,East,E07000241,Welwyn Hatfield,3508,3826,3837,4035,3824,3320,3751,3674,3716,3655,4083,4527,5074
E12000006,East,E07000242,East Hertfordshire,3450,3667,3892,4121,3858,3591,3639,3800,3696,3778,4334,4739,5108
E12000006,East,E07000243,Stevenage,2634,2659,2948,2978,3007,2882,3125,2683,2635,2662,3040,3622,3945
E12000007,London,E09000001,City of London,6535,6590,7535,9129,10579,8411,10219,10395,11605,11940,13773,13555,17420
E12000007,London,E09000002,Barking and Dagenham,3682,3499,3473,3888,3781,3283,3395,3418,3279,3306,3909,4413,5112
E12000007,London,E09000003,Barnet,4429,4483,4664,5284,5374,4739,4978,5281,5528,5703,6329,6533,7349
E12000007,London,E09000004,Bexley,3058,3160,3333,3600,3601,3134,3319,3198,3431,3512,3912,4417,4915
E12000007,London,E09000005,Brent,4221,4437,4629,5143,5116,4836,5127,5271,5515,5807,6590,7016,8114
E12000007,London,E09000006,Bromley,3670,3707,3871,4222,4055,3740,3987,3987,4112,4246,4953,5369,5904
E12000007,London,E09000007,Camden,5708,6057,6526,7683,8133,7446,8491,9272,8955,10645,11333,11030,13238
E12000007,London,E09000008,Croydon,3583,3528,3669,4037,3913,3523,3561,3464,3599,3799,4458,4933,5598
E12000007,London,E09000009,Ealing,4486,4554,5059,5565,5263,4825,5168,5279,5803,6077,6751,7113,8057
E12000007,London,E09000010,Enfield,3882,4001,4144,4471,4424,3978,4227,4140,4257,4471,5102,5592,6474
E12000007,London,E09000011,Greenwich,3821,4196,4200,4490,4460,4092,4420,4805,4954,5075,5800,6270,6534
E12000007,London,E09000012,Hackney,4183,4250,4772,5339,5453,5306,5539,5756,6059,6691,7686,8140,9025
E12000007,London,E09000013,Hammersmith and Fulham,6020,6411,6823,8156,8105,7486,8817,8885,8723,9566,10357,10933,11423
E12000007,London,E09000014,Haringey,4416,4412,4814,5456,5301,4906,5514,5776,5511,6024,6637,7343,8168
E12000007,London,E09000015,Harrow,3968,4091,4233,4528,4679,3945,4337,4409,4573,4694,5294,5707,6622
E12000007,London,E09000016,Havering,3384,3341,3384,3841,3648,3233,3441,3339,3399,3476,3828,4318,4857
E12000007,London,E09000017,Hillingdon,3737,3921,3980,4417,4462,3861,4077,4207,4424,4459,4988,5629,6379
E12000007,London,E09000018,Hounslow,4347,4459,4768,5346,5176,4687,4902,5039,5039,5480,5917,6223,7033
E12000007,London,E09000019,Islington,4979,5359,5804,6819,7209,6570,7147,7551,7326,8077,8914,9526,10139
E12000007,London,E09000020,Kensington and Chelsea,8768,9018,10193,12946,12885,11606,13960,15091,16369,18469,19743,20067,19760
E12000007,London,E09000021,Kingston upon Thames,4402,4439,4622,5285,5090,4476,4988,5149,5145,5582,6289,6499,7320
E12000007,London,E09000022,Lambeth,4294,4252,4749,5533,5332,5009,5589,5629,6061,6776,8007,8644,9379
E12000007,London,E09000023,Lewisham,3533,3700,3856,4381,4144,3877,4301,4382,4529,4961,5942,6554,7440
E12000007,London,E09000024,Merton,4505,4595,4808,5409,5581,5146,5262,5426,5597,5940,7166,7738,8414
E12000007,London,E09000025,Newham,3977,4148,4366,4600,4527,3805,4164,4125,4413,4399,4860,5209,5980
E12000007,London,E09000026,Redbridge,4030,4181,4248,4622,4721,4215,4414,4179,4176,4354,4924,5392,6073
E12000007,London,E09000027,Richmond upon Thames,5050,5261,5576,6561,6208,5661,6383,6375,6745,7250,8438,8853,9523
E12000007,London,E09000028,Southwark,4335,4486,4834,5527,5517,5242,5821,6181,6549,7038,7909,8456,9469
E12000007,London,E09000029,Sutton,3608,3720,3798,4253,4100,3598,3802,3898,3926,4096,4717,5167,5898
E12000007,London,E09000030,Tower Hamlets,4719,4749,5087,6034,6134,5978,6363,6189,6099,6333,7497,7957,8705
E12000007,London,E09000031,Waltham Forest,3916,4000,4216,4743,4515,3934,4101,4266,4153,4647,5687,6261,7433
E12000007,London,E09000032,Wandsworth,5155,5370,5859,6856,6656,6435,6891,7013,7489,8509,9819,10294,10971
E12000007,London,E09000033,City of Westminster,6813,7137,7829,9415,9495,9420,10957,11334,12160,13758,15492,16011,16654
E12000008,South East,E06000035,Medway,2336,2521,2516,2614,2444,2264,2359,2485,2339,2528,2662,2855,2942
E12000008,South East,E06000036,Bracknell Forest,3058,3270,3359,3756,3544,3273,3145,3215,3295,3395,3917,4242,4722
E12000008,South East,E06000037,West Berkshire,3265,3312,3396,3627,3365,3167,3318,3299,3198,3436,3644,3873,4297
E12000008,South East,E06000038,Reading,3292,3319,3411,3914,3717,3261,3311,3393,3476,3588,3998,4523,5402
E12000008,South East,E06000039,Slough,3411,3685,3698,4084,3853,3260,3419,3618,3492,3599,4051,4790,5605
E12000008,South East,E06000040,Windsor and Maidenhead,3773,3915,4135,4629,4551,3927,4100,4109,4203,4403,5019,5448,5958
E12000008,South East,E06000041,Wokingham,3155,3166,3600,3888,3807,3334,3549,3490,3608,3741,4141,4463,4846
E12000008,South East,E06000042,Milton Keynes,1900,2096,2206,2614,2429,2028,2014,2101,2172,2242,2445,2627,2918
E12000008,South East,E06000043,Brighton and Hove,3604,3761,3904,4418,4182,3795,4257,4199,4105,4265,4558,4990,5752
E12000008,South East,E06000044,Portsmouth,2578,2690,2854,3047,2900,2576,2640,2594,2623,2554,2729,2933,3130
E12000008,South East,E06000045,Southampton,2709,2787,2862,3048,2993,2588,2805,2748,2675,2731,2791,2928,3229
E12000008,South East,E06000046,Isle of Wight,2148,2403,2467,2645,2458,2375,2396,2214,2270,2246,2229,2299,2487
E12000008,South East,E07000004,Aylesbury Vale,2669,2900,3068,3311,3154,2799,2889,2756,2922,2955,3106,3431,3831
E12000008,South East,E07000005,Chiltern,3345,3491,3657,3991,3758,3499,3558,3797,3879,3734,4202,4558,5236
E12000008,South East,E07000006,South Bucks,3243,3425,3500,3886,3885,3396,3578,3648,3979,4143,4566,4707,5736
E12000008,South East,E07000007,Wycombe,3310,3416,3646,3995,3555,3207,3550,3824,3721,3669,3827,4339,4893
E12000008,South East,E07000061,Eastbourne,2543,2758,2677,3000,2862,2561,2651,2586,2457,2579,2789,3028,3336
E12000008,South East,E07000062,Hastings,1899,1993,2137,2314,2184,1913,1987,1930,1865,1901,2055,2145,2398
E12000008,South East,E07000063,Lewes,2750,2873,3164,3428,3407,2989,3186,3108,3094,3136,3316,3385,3733
E12000008,South East,E07000064,Rother,2293,2393,2491,2785,2574,2306,2592,2456,2424,2384,2570,2669,2886
E12000008,South East,E07000065,Wealden,2784,2905,3002,3350,3261,2906,2844,2889,2888,2815,3173,3368,3636
E12000008,South East,E07000084,Basingstoke and Deane,3077,3248,3358,3430,3222,3051,3159,3120,3224,3273,3427,3627,3949
E12000008,South East,E07000085,East Hampshire,2915,3029,3063,3368,3439,2945,3084,3140,3119,3210,3597,3546,3966
E12000008,South East,E07000086,Eastleigh,2968,3113,3263,3467,3190,3017,3099,3028,3018,2973,3098,3335,3690
E12000008,South East,E07000087,Fareham,2684,2925,3127,3264,3038,2684,2882,2811,2818,2690,2922,3272,3393
E12000008,South East,E07000088,Gosport,2257,2354,2413,2572,2411,2116,2215,2307,2347,2263,2407,2618,2717
E12000008,South East,E07000089,Hart,3416,3497,3753,3862,3675,3328,3489,3445,3298,3696,4149,4293,4592
E12000008,South East,E07000090,Havant,2421,2668,2633,3001,3009,2701,2780,2664,2637,2664,2849,2971,3195
E12000008,South East,E07000091,New Forest,3036,3157,3261,3505,3294,3101,3262,3238,3194,3073,3309,3503,3762
E12000008,South East,E07000092,Rushmoor,2980,3119,3306,3479,3346,2894,3200,3142,3136,3346,3665,3894,4133
E12000008,South East,E07000093,Test Valley,2656,2793,2888,3064,3041,2685,2849,2915,2775,2900,3206,3150,3484
E12000008,South East,E07000094,Winchester,3435,3653,3620,3975,3624,3619,3671,3522,3629,3742,3981,4286,4706
E12000008,South East,E07000105,Ashford,2727,2964,2915,3140,2881,2539,2665,2537,2734,2599,2807,2990,3181
E12000008,South East,E07000106,Canterbury,2470,2695,2811,3096,3007,2691,2945,2778,2831,2855,3071,3305,3439
E12000008,South East,E07000107,Dartford,3025,3273,3481,3811,3523,3077,3304,3214,3014,3110,3696,3851,4320
E12000008,South East,E07000108,Dover,2014,2258,2482,2504,2295,2089,2269,2116,2187,2218,2242,2380,2509
E12000008,South East,E07000109,Gravesham,3074,2778,2978,3242,3055,2640,2648,2707,2702,2731,2882,3315,3625
E12000008,South East,E07000110,Maidstone,2842,3190,3147,3230,3231,2790,2956,2818,2695,2691,2904,3182,3839
E12000008,South East,E07000111,Sevenoaks,2908,3385,3234,3474,3781,3683,3577,3350,3472,3568,4037,4376,4757
E12000008,South East,E07000112,Shepway,1970,2138,2254,2537,2494,2163,2269,1992,2112,2159,2183,2371,2390
E12000008,South East,E07000113,Swale,2471,2472,2784,3196,2875,2523,2449,2325,2372,2413,2665,2877,3192
E12000008,South East,E07000114,Thanet,2029,2190,2323,2522,2388,2177,2135,2102,1948,2047,2094,2276,2478
E12000008,South East,E07000115,Tonbridge and Malling,3146,2900,3190,3398,3421,2978,3108,3212,3191,3183,3542,3752,4073
E12000008,South East,E07000116,Tunbridge Wells,3168,3275,3497,3876,3834,3482,3527,3536,3484,3643,3943,4130,4692
E12000008,South East,E07000177,Cherwell,2392,2687,2903,3067,2872,2584,2712,2803,2576,2590,2931,3143,3527
E12000008,South East,E07000178,Oxford,3744,3902,3987,4409,4200,3852,4292,4158,4303,4372,4817,5545,5524
E12000008,South East,E07000179,South Oxfordshire,3152,3272,3429,3918,3734,3265,3530,3602,3530,3673,3890,4296,4545
E12000008,South East,E07000180,Vale of White Horse,2858,2966,3067,3391,3492,3160,3208,2934,2996,3037,3409,3719,3820
E12000008,South East,E07000181,West Oxfordshire,2967,3393,3328,3565,3832,3366,3420,3259,3153,3329,3342,3690,3880
E12000008,South East,E07000207,Elmbridge,3750,3944,4234,4835,4501,4109,4492,4532,4768,5115,5764,6054,6594
E12000008,South East,E07000208,Epsom and Ewell,3653,3838,3980,4435,4459,3892,4095,4157,4250,4423,4971,5390,5950
E12000008,South East,E07000209,Guildford,3869,4004,4180,4623,4381,3854,4304,4234,4298,4398,4770,5314,5651
E12000008,South East,E07000210,Mole Valley,3740,3859,4247,4366,4311,3813,4284,4049,4143,4198,4917,4920,5640
E12000008,South East,E07000211,Reigate and Banstead,3381,3550,3674,4058,3870,3565,3721,3755,3882,3880,4329,4745,5185
E12000008,South East,E07000212,Runnymede,3614,3820,4162,4286,4073,3836,3911,3873,3974,4033,4631,4918,5612
E12000008,South East,E07000213,Spelthorne,3504,3624,3736,4211,3822,3659,3903,3876,3969,3962,4571,4888,5412
E12000008,South East,E07000214,Surrey Heath,3388,3485,3836,3861,3863,3235,3606,3454,3621,3755,3944,4584,4854
E12000008,South East,E07000215,Tandridge,3333,3445,3594,3932,3975,3471,3576,3614,3684,3566,3966,4262,4763
E12000008,South East,E07000216,Waverley,3458,3590,3878,4362,4206,3770,4015,4002,4128,4077,4589,4794,5238
E12000008,South East,E07000217,Woking,3644,3807,3987,4336,4259,3702,3844,3951,4235,4441,4765,5272,5529
E12000008,South East,E07000223,Adur,2864,2998,3280,3443,3381,2780,3000,3045,2967,3142,3418,3842,4005
E12000008,South East,E07000224,Arun,2637,2737,2865,3249,3132,2733,2870,2781,2732,2768,2966,3109,3426
E12000008,South East,E07000225,Chichester,3212,3488,3517,3591,3607,3330,3459,3576,3689,3557,3704,4059,4226
E12000008,South East,E07000226,Crawley,2793,2955,3089,3470,3392,2996,3179,3025,3209,3031,3474,3835,4325
E12000008,South East,E07000227,Horsham,3169,3426,3489,3929,3833,3365,3512,3435,3440,3529,3797,4150,4585
E12000008,South East,E07000228,Mid Sussex,3375,3438,3518,3789,3881,3268,3352,3278,3510,3538,3805,3986,4507
E12000008,South East,E07000229,Worthing,2679,2730,2952,3323,3272,2631,2805,2768,2717,2779,3088,3350,3810
E12000009,South West,E06000022,Bath and North East Somerset,2854,3084,3169,3347,3181,2822,3126,3097,3255,3354,3211,3273,3577
E12000009,South West,E06000023,City of Bristol,2588,2812,2992,3230,3292,2871,2979,2928,2859,2914,3208,3434,3788
E12000009,South West,E06000024,North Somerset,2178,2408,2485,2713,2627,2437,2425,2389,2383,2423,2446,2469,2699
E12000009,South West,E06000025,South Gloucestershire,2384,2443,2778,2987,2915,2469,2607,2467,2551,2694,2825,2978,3086
E12000009,South West,E06000026,City of Plymouth,1825,2074,2336,2390,2366,2126,2095,2000,2017,2044,2138,2138,2145
E12000009,South West,E06000027,Torbay,2262,2353,2448,2573,2510,2267,2299,2258,2168,2222,2171,2338,2335
E12000009,South West,E06000028,Bournemouth,2870,2959,3025,3283,3198,2799,2841,2858,2753,2824,3039,3237,3481
E12000009,South West,E06000029,Poole,2744,2823,2895,3122,3032,2619,2809,2747,2665,2784,3133,3376,3468
E12000009,South West,E06000030,Swindon,2412,2647,2744,2877,2599,2393,2339,2346,2401,2409,2462,2654,2958
E12000009,South West,E06000052,Cornwall,2189,2279,2421,2576,2586,2302,2338,2284,2231,2224,2241,2311,2311
E12000009,South West,E06000054,Wiltshire,2589,2738,2895,3013,2839,2639,2594,2737,2634,2577,2736,2710,2895
E12000009,South West,E07000040,East Devon,2608,2604,2691,2971,2835,2733,2736,2671,2633,2635,2727,2725,2883
E12000009,South West,E07000041,Exeter,2555,2741,2957,3055,2853,2770,2895,2807,2846,2773,2917,3076,3154
E12000009,South West,E07000042,Mid Devon,2248,2337,2920,2587,2697,2660,2636,2386,2363,2493,2220,2562,2342
E12000009,South West,E07000043,North Devon,2200,2209,2371,2709,2666,2467,2352,2176,2162,2028,2115,2235,2361
E12000009,South West,E07000044,South Hams,2600,2758,2871,3271,3054,2745,3007,2880,2852,2866,2856,2965,3152
E12000009,South West,E07000045,Teignbridge,2286,2529,2534,2764,2740,2465,2598,2416,2433,2403,2467,2481,2609
E12000009,South West,E07000046,Torridge,2057,1966,2338,2555,2471,2087,2051,2012,2015,1980,1908,2115,2246
E12000009,South West,E07000047,West Devon,2341,2469,2715,2760,3093,2419,2464,2433,2517,2210,2392,2380,2432
E12000009,South West,E07000048,Christchurch,2946,2957,3155,3558,3300,2970,3165,3102,3054,3125,3388,3770,3942
E12000009,South West,E07000049,East Dorset,2832,2936,3084,3490,3121,2819,2975,2840,2869,3073,3062,3323,3606
E12000009,South West,E07000050,North Dorset,2417,2672,2604,2895,2722,2560,2543,2409,2543,2401,2518,2739,2831
E12000009,South West,E07000051,Purbeck,3052,3016,3187,3624,3201,3102,3042,3088,2924,3126,3352,3518,3556
E12000009,South West,E07000052,West Dorset,2815,3052,3109,3312,3208,2840,2888,2800,2801,2951,2965,3033,3299
E12000009,South West,E07000053,Weymouth and Portland,2422,2622,2849,3177,2760,2430,2547,2471,2463,2543,2532,2626,2653
E12000009,South West,E07000078,Cheltenham,2492,2658,2903,3123,2865,2624,2796,2692,2699,2793,2929,3122,3278
E12000009,South West,E07000079,Cotswold,2503,2781,2921,2968,3211,2839,2908,2510,2798,2697,2976,3217,3160
E12000009,South West,E07000080,Forest of Dean,2116,2227,2325,2345,2178,1818,2119,2069,2000,1887,1975,2197,2200
E12000009,South West,E07000081,Gloucester,2190,2379,2435,2634,2301,1971,2057,2138,2287,2221,2211,2285,2384
E12000009,South West,E07000082,Stroud,2333,2549,2749,2913,2803,2375,2469,2675,2441,2396,2701,2712,2955
E12000009,South West,E07000083,Tewkesbury,2174,2364,2532,2743,2410,2228,2253,2254,2373,2370,2539,2552,2833
E12000009,South West,E07000187,Mendip,2348,2465,2741,2889,2683,2566,2409,2505,2313,2317,2550,2593,2845
E12000009,South West,E07000188,Sedgemoor,1975,2145,2329,2598,2390,2133,2102,2015,2043,1948,2085,2124,2356
E12000009,South West,E07000189,South Somerset,2285,2454,2561,2565,2559,2345,2216,2241,2185,2116,2227,2314,2358
E12000009,South West,E07000190,Taunton Deane,2396,2607,2807,2984,2772,2488,2662,2552,2433,2503,2634,2563,2561
E12000009,South West,E07000191,West Somerset,2406,2616,2521,2617,2266,2613,2131,2165,2293,2268,2271,2313,2414
W92000004,Wales,W06000001,Isle of Anglesey,1362,1659,1740,1687,1524,1417,1429,1529,1542,1320,1410,1521,1600
W92000004,Wales,W06000002,Gwynedd,1307,1370,1582,1718,1401,1460,1447,1459,1349,1426,1421,1459,1497
W92000004,Wales,W06000003,Conwy,1690,1720,1711,1798,1786,1709,1649,1617,1472,1580,1499,1415,1481
W92000004,Wales,W06000004,Denbighshire,1366,1575,1553,1819,1708,1755,1538,1510,1336,1245,1161,1439,1514
W92000004,Wales,W06000005,Flintshire,1477,2077,2545,2220,2194,1790,1710,1811,1807,1932,1810,1809,1890
W92000004,Wales,W06000006,Wrexham,1372,1982,2051,2336,1959,1751,1635,1536,1629,1857,1508,1518,1613
W92000004,Wales,W06000008,Ceredigion,1635,1748,1803,2014,1716,1822,2032,1556,1603,1278,1629,1641,1564
W92000004,Wales,W06000009,Pembrokeshire,1649,1743,1994,2045,1946,1764,1769,1650,1613,1603,1588,1602,1551
W92000004,Wales,W06000010,Carmarthenshire,1236,1602,1537,1763,1920,1512,1356,1436,1334,1504,1225,1225,1172
W92000004,Wales,W06000011,Swansea,1633,2116,2038,2446,2282,2080,2014,1973,1855,1805,1889,1860,1813
W92000004,Wales,W06000012,Neath Port Talbot,1038,1269,1544,1718,1421,1107,1184,1187,1294,1070,1089,1134,1265
W92000004,Wales,W06000013,Bridgend,1397,1405,1699,2031,1858,1718,1492,1307,1359,1377,1389,1414,1493
W92000004,Wales,W06000014,Vale of Glamorgan,2167,2200,2085,2275,2301,2143,2065,2052,2133,1989,2219,2232,2343
W92000004,Wales,W06000015,Cardiff,2349,2647,2735,2811,2678,2522,2456,2426,2335,2343,2455,2532,2764
W92000004,Wales,W06000016,Rhondda Cynon Taf,1054,1234,1334,1420,1265,1130,1075,1394,1100,1212,1284,1119,1204
W92000004,Wales,W06000018,Caerphilly,1063,1179,1344,1710,1751,1418,1421,1228,1320,1217,1220,1174,1331
W92000004,Wales,W06000019,Blaenau Gwent,679,1004,990,1121,1006,1292,1088,968,871,755,703,817,840
W92000004,Wales,W06000020,Torfaen,1273,1557,1718,2112,2088,1464,1420,1417,1319,1317,1359,1404,1523
W92000004,Wales,W06000021,Monmouthshire,2129,2580,2485,2639,2399,2404,2375,2150,2091,1995,2248,2094,2294
W92000004,Wales,W06000022,Newport,1737,2073,2135,2358,2489,1964,1993,1913,1743,1670,1672,1736,1726
W92000004,Wales,W06000023,Powys,1597,1684,1656,1800,1711,1672,1569,1551,1344,1422,1493,1295,1494
W92000004,Wales,W06000024,Merthyr Tydfil,662,813,1017,1455,1386,1254,1147,753,871,1328,849,912,1739