Country_code,Country_name,Region_code,Region_name,LA_code (9 digit),LA_name,LA_code (3 digit),A1_FTE_ChildrensSocialWorkers_2015,CiNperCSW_FTE_2015,B1_FTE_Starters_2015,B2_FTE_Leavers_2015,B3_FTE_TurnoverRate_2015,D1_FTE_AgencyWorkers_2015,D1a_FTE_AgencyWorkers_2015,D2_FTE_AgencyWorkerRate_2015,A2_FTE_Vacancies_2015,A3_FTE_VacancyRate_2015,C1_FTE_Absence_2015,C2_FTE_AbsenceRate_2015,A1a_FTE_Number_ChildrensSocialWorkers_Age_data not available_2015,A1aa_FTE_Number_ChildrensSocialWorkers_Age_2015,A1ab_FTE_Number_ChildrensSocialWorkers_Age_2015,A1ac_FTE_Number_ChildrensSocialWorkers_Age_2015,A1ad_FTE_Number_ChildrensSocialWorkers_Age_2015,A1ae_FTE_Number_ChildrensSocialWorkers_Age_2015,A1aa_FTE_Percentage_ChildrensSocialWorkers_Age_2015,A1ab_FTE_Percentage_ChildrensSocialWorkers_Age_2015,A1ac_FTE_Percentage_ChildrensSocialWorkers_Age_2015,A1ad_FTE_Percentage_ChildrensSocialWorkers_Age_2015,A1ae_FTE_Percentage_ ChildrensSocialWorkers_Age_2015,A1b_FTE_Number_ChildrensSocialWorkers_Time in service_data not available_2015,A1ba_FTE_Number_ChildrensSocialWorkers_Time in service_2015,A1bb_FTE_Number_ChildrensSocialWorkers_Time in service_2015,A1bc_FTE_Number_ChildrensSocialWorkers_Time in service_2015,A1bd_FTE_Number_ChildrensSocialWorkers_Time in service_2015,A1be_FTE_Number_ChildrensSocialWorkers_Time in service_2015,A1bf_FTE_Number_ChildrensSocialWorkers_Time in Service_2015,A1ba_FTE_Percentage_ChildrensSocialWorkers_Time in service_2015,A1bb_FTE_Percentage_ChildrensSocialWorkers_Time in service_2015,A1bc_FTE_Percentage_ChildrensSocialWorkers_Time in service_2015,A1bd_FTE_Percentage_ChildrensSocialWorkers_Time in service_2015,A1be_FTE_Percentage_ChildrensSocialWorkers_Time in service_2015,A1bf_FTE_Percentage_ChildrensSocialWorkers_Time in Service_2015,A1_Headcount_ChildrensSocialWorkers_2015,CiNperCSW_Headcount_2015,B1_Headcount_Starters_2015,B2_Headcount_Leavers_2015,B3_Headcount_TurnoverRate_2015,D1_Headcount_AgencyWorkers_2015,D1a_Headcount_AgencyWorkers_2015,D2_Headcount_AgencyWorkerRate_2015,A1a_Headcount_Number_ChildrensSocialWorkers_Age_data not available_2015,A1aa_Headcount_Number_ChildrensSocialWorkers_Age_2015,A1ab_Headcount_Number_ChildrensSocialWorkers_Age_2015,A1ac_Headcount_Number_ChildrensSocialWorkers_Age_2015,A1ad_Headcount_Number_ChildrensSocialWorkers_Age_2015,A1ae_Headcount_Number_ChildrensSocialWorkers_Age_2015,A1aa_Headcount_Percentage_ChildrensSocialWorkers_Age_2015,A1ab_Headcount_Percentage_ChildrensSocialWorkers_Age_2015,A1ac_Headcount_Percentage_ChildrensSocialWorkers_Age_2015,A1ad_Headcount_Percentage_ChildrensSocialWorkers_Age_2015,A1ae_Headcount_Percentage_ ChildrensSocialWorkers_Age_2015,A1b_Headcount_Number_ChildrensSocialWorkers_Time in service_data not available_2015,A1ba_Headcount_Number_ChildrensSocialWorkers_Time in service_2015,A1bb_Headcount_Number_ChildrensSocialWorkers_Time in service_2015,A1bc_Headcount_Number_ChildrensSocialWorkers_Time in service_2015,A1bd_Headcount_Number_ChildrensSocialWorkers_Time in service_2015,A1be_Headcount_Number_ChildrensSocialWorkers_Time in service_2015,A1bf_Headcount_Number_ChildrensSocialWorkers_Time in Service_2015,A1ba_Headcount_Percentage_ChildrensSocialWorkers_Time in service_2015,A1bb_Headcount_Percentage_ChildrensSocialWorkers_Time in service_2015,A1bc_Headcount_Percentage_ChildrensSocialWorkers_Time in service_2015,A1bd_Headcount_Percentage_ChildrensSocialWorkers_Time in service_2015,A1be_Headcount_Percentage_ChildrensSocialWorkers_Time in service_2015,A1bf_Headcount_Percentage_ChildrensSocialWorkers_Time in Service_2015
E92000001,England,,,,,,26500,15,4440,4200,16,4860,3850,16,5470,17,236760,4,250,4250,7500,6790,6340,1360,16,28,26,24,5,260,7430,5280,5490,5650,1820,570,28,20,21,21,7,2,28570,14,4640,4560,16,5070,4010,15,30,4390,8250,7410,6850,1640,15,29,26,24,6,40,7820,5670,6090,6270,2030,650,27,20,21,22,7,2
E92000001,England,E12000001,North East,,,,1680,14,220,210,13,190,170,10,150,8,18300,4,0,270,470,430,410,100,16,28,26,24,6,0,380,360,400,360,130,50,23,22,24,21,8,3,1800,13,230,220,12,190,170,10,0,280,520,460,440,110,15,29,25,24,6,0,390,380,440,400,150,50,22,21,24,22,8,3
E92000001,England,E12000002,North West,,,,3580,16,660,530,15,410,280,10,480,12,37530,4,0,610,1070,910,830,150,17,30,26,23,4,0,1010,700,770,720,250,130,28,19,21,20,7,4,3790,15,680,570,15,420,280,10,0,620,1150,960,890,180,16,30,25,23,5,0,1030,730,830,780,280,140,27,19,22,20,7,4
E92000001,England,E12000003,Yorkshire and the Humber,,,,3350,12,440,390,12,230,160,6,260,7,29310,3,0,580,890,930,810,140,17,27,28,24,4,0,760,570,710,950,270,90,23,17,21,28,8,3,3630,11,470,420,11,240,170,6,0,600,990,1000,880,170,16,27,28,24,5,0,800,620,780,1030,300,100,22,17,22,28,8,3
E92000001,England,E12000004,East Midlands,,,,1740,15,290,280,16,440,340,20,510,23,17440,4,0,300,480,470,420,80,17,27,27,24,4,0,480,370,340,370,120,60,28,21,20,21,7,3,1920,14,310,330,17,450,340,19,0,320,530,510,450,110,17,28,27,23,6,0,510,410,380,420,130,70,27,21,20,22,7,4
E92000001,England,E12000005,West Midlands,,,,2980,16,480,480,16,550,460,16,660,18,34520,5,0,510,830,810,690,150,17,28,27,23,5,0,800,600,630,660,230,60,27,20,21,22,8,2,3250,14,500,520,16,610,510,16,0,520,910,890,750,180,16,28,27,23,6,0,830,650,700,740,270,80,25,20,21,23,8,2
E92000001,England,E12000006,East,,,,2480,15,390,350,14,390,320,14,500,17,18510,3,0,440,730,640,560,110,18,29,26,23,5,0,710,600,510,520,130,20,28,24,20,21,5,1,2670,14,400,380,14,420,340,14,0,440,800,700,590,130,17,30,26,22,5,0,730,630,560,580,140,30,27,24,21,22,5,1
E92000001,England,E12000007,London,,,,4470,16,920,930,21,1450,1200,25,1480,25,27770,2,220,610,1370,1040,990,240,14,31,23,22,5,220,1550,810,820,800,210,50,35,18,18,18,5,1,4700,15,930,970,21,1490,1230,24,0,640,1500,1180,1100,280,14,32,25,23,6,0,1690,870,920,910,240,60,36,19,20,19,5,1
E92000001,England,E13000001,Inner London,,,,2270,14,370,410,18,520,410,19,590,21,14470,3,220,290,680,520,470,90,13,30,23,21,4,220,640,400,450,410,110,30,28,17,20,18,5,2,2390,13,380,430,18,560,430,19,0,320,780,620,550,130,13,33,26,23,5,0,750,450,530,490,130,40,31,19,22,20,6,2
E92000001,England,E13000002,Outer London,,,,2200,18,550,510,23,930,790,30,890,29,13300,2,0,320,690,530,520,140,15,31,24,24,7,0,910,410,370,390,100,20,41,19,17,18,4,1,2300,17,550,530,23,940,790,29,0,320,720,560,550,150,14,31,24,24,7,0,940,430,390,420,110,20,41,19,17,18,5,1
E92000001,England,E12000008,South East,,,,3790,14,610,620,16,750,620,16,900,19,30890,3,0,620,1020,950,980,220,16,27,25,26,6,0,1090,760,870,750,260,70,29,20,23,20,7,2,4130,13,640,680,16,770,630,16,0,640,1130,1050,1050,270,15,27,25,25,6,0,1130,820,960,840,290,80,27,20,23,20,7,2
E92000001,England,E12000009,South West,,,,2430,16,430,410,17,440,310,15,530,18,22480,4,30,330,650,600,650,180,14,27,25,27,7,40,650,510,450,530,200,40,27,21,19,22,8,2,2690,14,490,490,18,470,340,15,30,340,730,660,710,220,13,27,25,26,8,40,700,560,520,600,230,50,26,21,19,22,9,2
E92000001,England,E12000001,North East,E06000005,Darlington,841,71.8,12,22.9,13.6,19,10,10,12,10,12,450,2,0,x,20.1,23.6,14.5,x,x,28,33,20,x,0,29.7,17.4,16.7,8,0,0,41,24,23,11,0,0,77,11,24,14,18,10,10,11,0,x,22,25,15,x,x,29,32,19,x,0,32,19,18,8,0,0,42,25,23,10,0,0
E92000001,England,E12000001,North East,E06000047,Durham,840,239.2,16,17.5,23.4,10,32,32,12,33,12,3640,6,0,33.4,61.1,61.6,62,21.2,14,26,26,26,9,0,45.1,45.5,56.8,57,24.9,9.8,19,19,24,24,10,4,270,14,19,25,9,32,32,11,0,34,70,72,69,25,13,26,27,26,9,0,48,50,64,68,29,11,18,19,24,25,11,4
E92000001,England,E12000001,North East,E08000020,Gateshead,390,131.8,12,19,20.6,16,15,7,10,14.7,10,1890,6,0,15.9,44.2,28.5,32.9,10.3,12,34,22,25,8,0,20,47.9,23.8,23.1,14,3,15,36,18,18,11,2,144,11,19,22,15,15,7,9,0,17,52,30,34,11,12,36,21,24,8,0,20,50,30,27,14,3,14,35,21,19,10,2
E92000001,England,E12000001,North East,E06000001,Hartlepool,805,105.6,11,16.2,11,10,0,0,0,0,0,510,2,0,17,24.5,35.9,25.8,2.5,16,23,34,24,2,0,28,26.2,26.8,20.3,x,x,27,25,25,19,x,x,109,11,16,10,9,0,0,0,0,17,25,36,28,3,16,23,33,26,3,0,28,27,28,21,x,x,26,25,26,19,x,x
E92000001,England,E12000001,North East,E06000002,Middlesbrough,806,150,14,30,25,17,x,x,x,14,9,1070,3,0,33,47,31,33,6,22,31,21,22,4,0,30,50,22,31,12,5,20,33,15,21,8,3,159,13,30,25,16,x,x,x,0,37,51,32,33,6,23,32,20,21,4,0,30,54,27,31,12,5,19,34,17,19,8,3
E92000001,England,E12000001,North East,E08000021,Newcastle upon Tyne,391,262,9,23.3,23.2,9,2.6,2.6,1,12.5,5,2930,4,0,38,70.5,67.8,68.3,17.4,15,27,26,26,7,0,39.3,41.2,90.7,55.2,22.6,13,15,16,35,21,9,5,284,8,25,26,9,3,3,1,0,40,79,72,72,21,14,28,25,25,7,0,42,43,99,62,25,13,15,15,35,22,9,5
E92000001,England,E12000001,North East,E08000022,North Tyneside,392,110.3,13,21,14.4,13,5,3,4,5,4,950,3,0,26,28,27.5,24.3,4.5,24,25,25,22,4,0,31,18,21.8,28,8.5,3,28,16,20,25,8,3,115,12,21,15,13,5,3,4,0,26,30,29,25,5,23,26,25,22,4,0,31,18,23,31,9,3,27,16,20,27,8,3
E92000001,England,E12000001,North East,E06000048,Northumberland,929,162.1,21,20.5,25.9,16,8,..,5,5.3,3,2040,5,0,23,38.5,45.9,47.5,7.2,14,24,28,29,4,0,35.5,29.5,29.7,48.6,x,x,22,18,18,30,x,x,176,19,21,28,16,8,..,4,0,23,41,49,52,11,13,23,28,30,6,0,36,31,32,54,x,x,20,18,18,31,x,x
E92000001,England,E12000001,North East,E06000003,Redcar and Cleveland,807,91.8,10,9.8,16.3,18,x,x,x,3,3,750,3,0,18,28.3,21.4,20.3,3.8,20,31,23,22,4,0,33.5,16.6,25.6,12.3,3.8,0,36,18,28,13,4,0,95,10,10,17,18,x,x,x,0,18,30,22,21,4,19,32,23,22,4,0,34,17,27,13,4,0,36,18,28,14,4,0
E92000001,England,E12000001,North East,E08000023,South Tyneside,393,97.7,15,9,7,7,9,7,8,7,7,930,4,0,5.5,37,25,25.1,5.1,6,38,26,26,5,0,23,14.3,26.5,22.5,5.8,5.6,24,15,27,23,6,6,101,15,9,7,7,9,7,8,0,6,38,25,26,6,6,38,25,26,6,0,23,15,27,24,6,6,23,15,27,24,6,6
E92000001,England,E12000001,North East,E06000004,Stockton-on-Tees,808,127.5,15,15,12.4,10,8.8,4,6,13,9,880,3,0,26.5,35.8,31.2,26.8,7.1,21,28,24,21,6,0,34.2,32.9,26.9,23.8,x,x,27,26,21,19,x,x,135,14,15,13,10,9,4,6,0,27,39,32,29,8,20,29,24,21,6,0,35,34,30,26,x,x,26,25,22,19,x,x
E92000001,England,E12000001,North East,E08000024,Sunderland,394,132,22,20,19.5,15,98.6,98.6,43,29,18,2270,7,0,20,36.6,33.7,31.2,10.5,15,28,26,24,8,0,34.5,24.5,27.9,29.1,x,x,26,19,21,22,x,x,139,20,20,21,15,100,100,42,0,20,40,35,33,11,14,29,25,24,8,0,35,25,31,31,x,x,25,18,22,22,x,x
E92000001,England,E12000002,North West,E06000008,Blackburn with Darwen,889,120.6,13,19.3,22.8,19,8,4,6,4,3,1760,6,0,20.8,37,29.5,29.5,3.8,17,31,24,24,3,0,26.3,21.3,30.7,23.5,14.9,3.8,22,18,25,20,12,3,127,13,20,23,18,8,4,6,0,21,39,31,32,4,17,31,24,25,3,0,27,23,33,25,15,4,21,18,26,20,12,3
E92000001,England,E12000002,North West,E06000009,Blackpool,890,121.6,14,43.3,20,16,15,8,11,11,8,1320,4,0,19,37.7,29.2,29.7,6,16,31,24,24,5,0,35.4,23.9,27.6,15.8,13,6,29,20,23,13,11,5,128,13,45,20,16,15,8,10,0,19,41,32,30,6,15,32,25,23,5,0,37,25,29,18,13,6,29,20,23,14,10,5
E92000001,England,E12000002,North West,E08000001,Bolton,350,185.9,14,20.3,18.7,10,13,9.7,7,9.7,5,2460,5,0,13.5,52,49.5,64.4,6.5,7,28,27,35,3,0,32.1,24.5,36.8,59.8,24.3,8.5,17,13,20,32,13,5,201,13,24,25,12,13,10,6,0,14,58,52,68,9,7,29,26,34,4,0,34,25,42,64,27,9,17,12,21,32,13,4
E92000001,England,E12000002,North West,E08000002,Bury,351,105.2,14,29.4,15,14,10,x,9,22,17,1010,4,0,12.5,29.2,29.3,24.5,9.7,12,28,28,23,9,0,35.4,13.8,24.9,21.5,5.9,3.7,34,13,24,20,6,3,112,13,30,15,13,10,x,8,0,13,31,30,27,11,12,28,27,24,10,0,36,15,26,23,7,5,32,13,23,21,6,4
E92000001,England,E12000002,North West,E06000049,Cheshire East,895,155.5,14,52.7,36.4,23,25.9,18.3,14,32.3,17,2080,5,0,30.9,37.3,38.5,44.4,4.5,20,24,25,29,3,0,59.3,34.4,18.6,34.8,x,x,38,22,12,22,x,x,167,13,56,39,23,33,20,17,0,33,40,41,48,5,20,24,25,29,3,0,63,36,20,39,x,x,38,22,12,23,x,x
E92000001,England,E12000002,North West,E06000050,Cheshire West and Chester,896,148.6,14,31,31.7,21,17,14,10,15.5,9,1530,4,0,29.5,47.4,32.5,29,10.2,20,32,22,19,7,0,52,48.1,17.7,12.5,9.5,8.8,35,32,12,8,6,6,160,13,31,35,22,18,14,10,0,30,52,35,32,11,19,33,22,20,7,0,53,51,20,15,11,10,33,32,13,9,7,6
E92000001,England,E12000002,North West,E10000006,Cumbria,909,251.9,14,28.6,16.6,7,43,27,15,27,10,3600,6,0,44.5,62.9,62.2,62.8,19.5,18,25,25,25,8,0,58.2,59.9,44.1,64.2,19.6,5.8,23,24,18,26,8,2,271,13,30,23,8,43,27,14,0,46,68,63,69,25,17,25,23,25,9,0,61,65,48,67,23,7,23,24,18,25,8,3
E92000001,England,E12000002,North West,E06000006,Halton,876,78.7,16,11,16,20,7,3,8,10,11,770,4,0,12,30.1,21.5,15.1,0,15,38,27,19,0,0,32.8,15.1,23,7.8,0,0,42,19,29,10,0,0,83,16,11,17,20,7,3,8,0,12,32,23,16,0,14,39,28,19,0,0,33,16,26,8,0,0,40,19,31,10,0,0
E92000001,England,E12000002,North West,E08000011,Knowsley,340,75.6,18,22,15,20,21,21,22,26,26,1230,6,0,16,23,15.6,15.1,6,21,30,21,20,8,0,29,8.5,16.6,14,4.5,3,38,11,22,19,6,4,79,17,22,15,19,21,21,21,0,16,24,17,16,6,20,30,22,20,8,0,29,9,19,14,5,3,37,11,24,18,6,4
E92000001,England,E12000002,North West,E10000017,Lancashire,888,448.3,19,58.5,70.8,16,56,29,11,96,18,4140,4,0,133.6,126.6,108,71.1,9,30,28,24,16,2,0,116.1,113.7,101.3,72.6,29.1,15.5,26,25,23,16,6,3,470,18,60,74,16,56,29,11,0,136,135,114,75,10,29,29,24,16,2,0,118,120,106,78,32,16,25,26,23,17,7,3
E92000001,England,E12000002,North West,E08000012,Liverpool,341,148,28,15,16,11,34,8,19,17,10,2180,6,0,13,31.5,37,54,12.5,9,21,25,36,8,0,25,26,64,30,3,0,17,18,43,20,2,0,152,27,15,16,11,34,8,18,0,13,34,38,54,13,9,22,25,36,9,0,25,27,65,32,3,0,16,18,43,21,2,0
E92000001,England,E12000002,North West,E08000003,Manchester,352,272.7,17,73.5,35.5,13,..,10,..,10,4,3320,5,0,53,95,86.6,33.6,4.5,19,35,32,12,2,0,105.3,63,37,53,8.4,6,39,23,14,19,3,2,274,17,75,36,13,..,10,..,0,53,95,87,34,5,19,35,32,12,2,0,106,63,37,53,9,6,39,23,14,19,3,2
E92000001,England,E12000002,North West,E08000004,Oldham,353,96.8,20,25.9,13,13,13,13,12,13,12,720,3,0,21.5,40.8,24.3,6.5,3.7,22,42,25,7,4,0,39,8.6,24.1,18.7,x,x,40,9,25,19,x,x,103,19,26,14,14,13,13,11,0,22,44,25,7,5,21,43,24,7,5,0,39,9,26,22,x,x,38,9,25,21,x,x
E92000001,England,E12000002,North West,E08000005,Rochdale,354,132.9,16,42.8,22.7,17,25,10,16,10,7,1420,4,0,27.8,51.5,38,15.6,0,21,39,29,12,0,0,74.7,23.7,22,x,x,x,56,18,17,x,x,x,138,15,44,24,17,25,10,15,0,28,54,39,17,0,20,39,28,12,0,0,75,25,24,x,x,x,54,18,17,x,x,x
E92000001,England,E12000002,North West,E08000006,Salford,355,192.9,10,15.8,15.3,8,23,23,11,25,11,2090,4,0,20,55.2,44.4,62.8,10.5,10,29,23,33,5,0,30.5,2.6,45.1,50.6,22,42.2,16,1,23,26,11,22,206,9,17,17,8,23,23,10,0,20,61,47,66,12,10,30,23,32,6,0,33,3,48,52,23,47,16,1,23,25,11,23
E92000001,England,E12000002,North West,E08000014,Sefton,343,161.1,11,7,8,5,8,8,5,18,10,2250,6,0,8,45.2,48.4,51.9,7.6,5,28,30,32,5,0,10,18.5,46.7,56.1,25,4.8,6,11,29,35,16,3,175,10,7,8,5,8,8,4,0,8,47,50,60,10,5,27,29,34,6,0,10,19,50,63,28,5,6,11,29,36,16,3
E92000001,England,E12000002,North West,E08000013,St. Helens,342,106.8,15,22,23,22,19.9,11.2,16,17.9,14,1250,5,0,20,32.1,27.6,23.1,4,19,30,26,22,4,0,31.5,13.5,38.9,15.9,x,x,29,13,36,15,x,x,114,15,22,23,20,21,12,16,0,20,36,29,24,5,18,32,25,21,4,0,32,14,44,17,x,x,28,12,39,15,x,x
E92000001,England,E12000002,North West,E08000007,Stockport,356,164.5,10,61,45.3,28,15,15,8,18,10,1460,4,0,33.3,38.8,43.8,42.6,6.1,20,24,27,26,4,0,45.6,33,41.7,28.5,15.8,0,28,20,25,17,10,0,180,9,62,48,27,15,15,8,0,34,43,49,47,7,19,24,27,26,4,0,47,35,48,33,17,0,26,19,27,18,9,0
E92000001,England,E12000002,North West,E08000008,Tameside,357,87.2,17,20.5,21.4,25,17,5,16,5,5,160,1,0,8.5,31.3,19.3,25.6,2.4,10,36,22,29,3,0,44.3,25.7,10.8,2.7,x,x,51,29,12,3,x,x,94,16,21,23,24,17,5,15,0,9,35,20,27,3,10,37,21,29,3,0,45,30,12,x,x,x,48,32,13,x,x,x
E92000001,England,E12000002,North West,E08000009,Trafford,358,102,14,3,13,13,7,7,6,20,16,860,3,0,13,34,27,22,6,13,33,26,22,6,0,29,11,23,25,10,4,28,11,23,25,10,4,113,13,3,16,14,7,7,6,0,14,38,31,23,7,12,34,27,20,6,0,32,11,26,29,10,5,28,10,23,26,9,4
E92000001,England,E12000002,North West,E06000007,Warrington,877,102,10,13,12.9,13,17.3,14.3,15,26,20,700,3,0,14.8,34.3,21.9,27.1,3.9,15,34,21,27,4,0,24.9,32.2,21.7,23.1,0,0,24,32,21,23,0,0,108,10,14,14,13,18,15,14,0,15,37,23,28,5,14,34,21,26,5,0,26,34,23,25,0,0,24,31,21,23,0,0
E92000001,England,E12000002,North West,E08000010,Wigan,359,138.6,18,27.7,16,12,x,x,x,27,16,1190,3,0,24,46.6,37.7,24.9,5.5,17,34,27,18,4,0,42.7,32.3,19,34.4,x,x,31,23,14,25,x,x,146,17,29,17,12,x,x,x,0,24,49,40,27,6,16,34,27,18,4,0,44,33,21,36,x,x,30,23,14,25,x,x
E92000001,England,E12000002,North West,E08000015,Wirral,344,180.4,16,18,24,13,17,17,9,22,11,..,..,0,18,51.3,41.7,59.8,9.6,10,28,23,33,5,0,29,43,33.3,45.9,20.7,8.5,16,24,18,25,11,5,189,15,18,26,14,17,17,8,0,18,56,43,61,11,10,30,23,32,6,0,29,44,37,47,23,9,15,23,20,25,12,5
E92000001,England,E12000003,Yorkshire and the Humber,E08000016,Barnsley,370,101.3,18,x,6.5,6,25,16,20,16,14,890,3,0,16.1,20.3,26.4,35.8,2.7,16,20,26,35,3,0,14.3,11,23.6,26.3,19.6,6.5,14,11,23,26,19,6,109,17,x,7,6,25,16,19,0,18,24,27,37,3,17,22,25,34,3,0,15,12,26,28,21,7,14,11,24,26,19,6
E92000001,England,E12000003,Yorkshire and the Humber,E08000032,Bradford,380,355.8,11,48.9,40.3,11,12,12,3,32,8,3790,4,0,58.9,82.4,99.7,96.1,18.6,17,23,28,27,5,0,92.3,55.4,62,82.8,38.9,24.3,26,16,17,23,11,7,394,10,50,44,11,12,12,3,0,61,95,107,107,24,15,24,27,27,6,0,96,61,71,92,45,29,24,15,18,23,11,7
E92000001,England,E12000003,Yorkshire and the Humber,E08000033,Calderdale,381,159.3,8,29.3,21.3,13,5,3,3,4,2,1430,4,0,30.6,44.6,39.4,42.3,2.4,19,28,25,27,2,0,68,47.4,26.3,11.8,x,x,43,30,17,7,x,x,172,7,30,19,11,5,3,3,0,31,50,42,46,3,18,29,24,27,2,0,71,53,29,13,x,x,41,31,17,8,x,x
E92000001,England,E12000003,Yorkshire and the Humber,E08000017,Doncaster,371,162.4,14,28.4,29.1,18,48.2,40.2,23,41.2,20,480,1,0,29,40.6,47.7,41.2,3.8,18,25,29,25,2,0,48.6,37.4,28.2,35.3,x,x,30,23,17,22,x,x,168,14,32,30,18,49,41,23,0,29,43,49,43,4,17,26,29,26,2,0,50,38,31,36,x,x,30,23,18,21,x,x
E92000001,England,E12000003,Yorkshire and the Humber,E06000011,East Riding of Yorkshire,811,114.7,16,6,18.5,16,4,x,3,2,2,920,3,0,15,35.9,40,19,4.8,13,31,35,17,4,0,27,10,31.5,32.7,10.5,3,24,9,27,29,9,3,125,15,6,19,15,4,x,3,0,15,40,44,20,6,12,32,35,16,5,0,28,10,33,38,13,3,22,8,26,30,10,2
E92000001,England,E12000003,Yorkshire and the Humber,E06000010,"Kingston Upon Hull, City of",810,244.2,16,12,16.3,7,10,10,4,16.3,6,3430,6,0,15.2,58.6,102.8,58.9,8.7,6,24,42,24,4,0,21,17.1,63.6,114.2,22.3,6,9,7,26,47,9,2,266,14,13,19,7,11,11,4,0,17,69,108,61,11,6,26,41,23,4,0,22,19,68,127,24,6,8,7,26,48,9,2
E92000001,England,E12000003,Yorkshire and the Humber,E08000034,Kirklees,382,276.1,9,46.4,35.1,13,10,5,3,12,4,3190,5,0,49,81.4,71.8,63.2,10.7,18,29,26,23,4,0,65.5,53,64.8,56.7,29.6,6.5,24,19,23,21,11,2,292,9,51,39,13,10,5,3,0,50,89,74,66,13,17,30,25,23,4,0,69,55,69,61,31,7,24,19,24,21,11,2
E92000001,England,E12000003,Yorkshire and the Humber,E08000035,Leeds,383,567.7,11,74.5,65.5,12,25,20,4,32,5,4020,3,0,125.7,158.7,139.8,122.1,21.4,22,28,25,22,4,0,73.3,x,99.7,298.3,50.8,x,13,x,18,53,9,x,609,11,81,70,11,25,20,4,0,130,172,151,133,23,21,28,25,22,4,0,78,x,106,303,61,x,13,x,17,50,10,x
E92000001,England,E12000003,Yorkshire and the Humber,E06000012,North East Lincolnshire,812,169.1,11,34.8,25.5,15,0,0,0,4,2,980,2,0,30.6,55.1,47.7,32,3.6,18,33,28,19,2,0,63.8,31,20.4,36.7,14.2,3,38,18,12,22,8,2,178,11,35,26,15,0,0,0,0,32,58,51,33,4,18,33,29,19,2,0,66,33,22,39,15,3,37,19,12,22,8,2
E92000001,England,E12000003,Yorkshire and the Humber,E06000013,North Lincolnshire,813,117.4,9,12.8,18.2,16,x,x,x,4,3,1040,3,0,33.1,32.5,28.1,18.9,4.7,28,28,24,16,4,0,45,32,25.1,15.3,0,0,38,27,21,13,0,0,125,8,14,19,15,x,x,x,0,34,36,29,20,6,27,29,23,16,5,0,47,33,29,16,0,0,38,26,23,13,0,0
E92000001,England,E12000003,Yorkshire and the Humber,E10000023,North Yorkshire,815,260,11,26,24,9,0,0,0,24.1,8,2390,4,0,25,63,74,78,20,10,24,28,30,8,0,32,53,66,74,28,7,12,20,25,28,11,3,287,10,29,26,9,0,0,0,0,26,71,81,85,24,9,25,28,30,8,0,34,57,74,85,30,7,12,20,26,30,10,2
E92000001,England,E12000003,Yorkshire and the Humber,E08000018,Rotherham,372,198.4,12,34.9,27.4,14,77,44,28,44,18,1970,4,0,43.2,65.3,37.6,41.9,10.4,22,33,19,21,5,0,67.3,46.4,41.6,29.7,6.4,7,34,23,21,15,3,4,209,11,36,29,14,78,44,27,0,45,68,40,44,12,22,33,19,21,6,0,70,47,45,32,7,8,33,22,22,15,3,4
E92000001,England,E12000003,Yorkshire and the Humber,E08000019,Sheffield,373,329.2,12,48.4,36,11,6.6,4,2,4,1,2560,3,0,56.6,81.8,90.2,84,16.6,17,25,27,26,5,0,83.3,57.2,89.2,57.1,21.1,21.3,25,17,27,17,6,6,377,11,54,39,10,7,4,2,0,58,97,104,95,23,15,26,28,25,6,0,88,62,103,73,25,26,23,16,27,19,7,7
E92000001,England,E12000003,Yorkshire and the Humber,E08000036,Wakefield,384,206.3,13,28.4,29.7,14,..,..,..,12.4,6,1570,3,0,38.6,42.9,63.1,54.3,7.4,19,21,31,26,4,0,42.6,48.8,48.3,52.2,14.3,0,21,24,23,25,7,0,218,12,27,28,13,7,4,3,0,40,47,66,56,9,18,22,30,26,4,0,45,50,52,56,15,0,21,23,24,26,7,0
E92000001,England,E12000003,Yorkshire and the Humber,E06000014,York,816,85.9,12,6,x,x,7,6,8,8,9,650,3,0,x,26.1,24.8,23.5,x,x,30,29,27,x,0,15.5,25.1,18.7,26.6,0,0,18,29,22,31,0,0,102,10,6,x,x,7,6,6,0,x,31,30,29,x,x,30,29,28,x,0,16,28,23,35,0,0,16,27,23,34,0,0
E92000001,England,E12000004,East Midlands,E06000015,Derby,831,110,22,11,9,8,19,..,15,23,17,1260,5,0,23,43,23,19,2,21,39,21,17,2,0,30,32,21,18,4,5,27,29,19,16,4,5,125,20,13,11,9,19,..,13,0,24,50,26,21,4,19,40,21,17,3,0,34,35,25,21,4,6,27,28,20,17,3,5
E92000001,England,E12000004,East Midlands,E10000007,Derbyshire,830,205.8,23,54.2,32.8,16,11,6,5,58,22,1670,3,0,43.2,63.3,37.1,46,16.2,21,31,18,22,8,0,62.5,33.2,44.8,38.4,17.7,9.2,30,16,22,19,9,4,241,19,59,43,18,11,6,4,0,47,74,46,53,21,20,31,19,22,9,0,67,37,53,49,22,13,28,15,22,20,9,5
E92000001,England,E12000004,East Midlands,E06000016,Leicester,856,162,14,37,32,20,46,23,22,23,12,2820,7,0,24,40,52,41,5,15,25,32,25,3,0,79,48,27,5,x,x,49,30,17,3,x,x,182,12,37,35,19,46,23,20,0,25,44,58,47,8,14,24,32,26,4,0,88,54,31,6,x,x,48,30,17,3,x,x
E92000001,England,E12000004,East Midlands,E10000018,Leicestershire,855,200.4,10,15.6,35.1,18,5.7,3,3,17.4,8,2340,5,0,33.6,57.3,60.9,40,8.6,17,29,30,20,4,0,48,63.4,51.6,34.3,3,0,24,32,26,17,1,0,227,9,16,43,19,6,3,3,0,35,64,69,43,16,15,28,30,19,7,0,50,72,61,41,3,0,22,32,27,18,1,0
E92000001,England,E12000004,East Midlands,E10000019,Lincolnshire,925,272.2,14,33.6,22,8,24,24,8,24,8,..,..,0,53.5,72.9,77.5,60.5,7.8,20,27,28,22,3,0,68.2,47.9,64,66.2,18,8,25,18,23,24,7,3,285,13,36,22,8,24,24,8,0,55,77,81,63,9,19,27,28,22,3,0,70,50,66,71,20,8,25,18,23,25,7,3
E92000001,England,E12000004,East Midlands,E10000021,Northamptonshire,928,202.8,21,54.6,51.6,25,200,194,50,270.6,57,3030,6,0,34.2,63.1,56.4,44,5,17,31,28,22,2,0,61.2,27,42.5,50.7,16.3,5,30,13,21,25,8,2,218,19,55,57,26,200,194,48,0,36,70,60,46,6,17,32,28,21,3,0,62,29,46,59,17,5,28,13,21,27,8,2
E92000001,England,E12000004,East Midlands,E06000018,Nottingham,892,209.5,16,38.9,44.2,21,56.7,35.8,21,28.6,12,1760,3,0,32.8,56.7,47.6,64.7,7.6,16,27,23,31,4,0,56.1,53.2,31.6,31,25.5,12,27,25,15,15,12,6,223,15,44,53,24,58,36,21,0,34,62,52,66,9,15,28,23,30,4,0,58,57,35,33,26,14,26,26,16,15,12,6
E92000001,England,E12000004,East Midlands,E10000024,Nottinghamshire,891,362.6,10,40.6,50.7,14,75.5,49.3,17,56.8,14,4570,5,0,53.9,74.3,109.8,99.2,25.3,15,20,30,27,7,0,74.7,62,51,122.1,35.7,17.1,21,17,14,34,10,5,405,9,43,57,14,81,52,17,0,59,85,120,108,33,15,21,30,27,8,0,80,67,61,137,40,20,20,17,15,34,10,5
E92000001,England,E12000004,East Midlands,E06000017,Rutland,857,11.4,20,x,6,53,6,6,34,6,34,-,-,0,x,5.6,x,x,0,x,49,x,x,0,0,x,x,5.4,0,0,0,x,x,47,0,0,0,12,19,x,6,50,6,6,33,0,x,x,x,x,0,x,x,x,x,0,0,x,x,6,0,0,0,x,x,50,0,0,0
E92000001,England,E12000005,West Midlands,E08000025,Birmingham,330,650.4,15,82.3,94.8,15,170,170,21,219,25,7680,5,0,73.4,162.2,185.7,182.9,46.3,11,25,29,28,7,0,145.2,81.2,126.4,199.1,85,13.5,22,12,19,31,13,2,693,14,84,108,16,184,184,21,0,74,175,199,196,49,11,25,29,28,7,0,148,84,136,215,94,16,21,12,20,31,14,2
E92000001,England,E12000005,West Midlands,E08000026,Coventry,331,250.3,17,60.1,40.4,16,65.5,62.5,21,72.8,23,1580,3,0,51.5,66.9,67.4,50.1,14.5,21,27,27,20,6,0,80.9,49.1,50.2,46.9,16.3,6.9,32,20,20,19,7,3,266,16,66,46,17,71,68,21,0,52,70,72,52,20,20,26,27,20,8,0,82,51,57,50,18,8,31,19,21,19,7,3
E92000001,England,E12000005,West Midlands,E08000027,Dudley,332,153.5,20,21.9,20.8,14,59.8,39.8,28,43.7,22,2320,6,0,21.6,30.6,43.8,48,9.5,14,20,29,31,6,0,38.4,28.8,36.7,34.4,12.2,3,25,19,24,22,8,2,178,18,23,22,12,61,43,26,0,23,35,51,54,15,13,20,29,30,8,0,41,31,42,43,17,4,23,17,24,24,10,2
E92000001,England,E12000005,West Midlands,E06000019,Herefordshire,884,68.6,19,19.6,5,7,30.6,30.6,31,40,37,250,1,0,15.8,18.4,14,17.4,3,23,27,20,25,4,0,37.1,x,14.6,9.3,x,x,54,x,21,14,x,x,75,17,21,6,8,35,35,32,0,16,22,15,19,3,21,29,20,25,4,0,40,x,16,10,x,x,53,x,21,13,x,x
E92000001,England,E12000005,West Midlands,E08000028,Sandwell,333,185,10,41,32.5,18,22.6,16.6,11,19,9,3400,7,0,34.9,60.8,47.5,40,1.9,19,33,26,22,1,0,73,40.5,28.8,24.2,14.9,3.6,39,22,16,13,8,2,199,9,41,34,17,24,17,11,0,35,64,51,45,4,18,32,26,23,2,0,73,43,29,30,18,6,37,22,15,15,9,3
E92000001,England,E12000005,West Midlands,E06000051,Shropshire,893,91.5,18,9.5,22.4,24,13,4,12,11.1,11,1480,6,0,16,26.8,21.2,24.5,3,17,29,23,27,3,0,18.5,21.8,24.1,20,5.1,2,20,24,26,22,6,2,101,16,10,24,24,13,4,11,0,17,31,23,26,4,17,31,23,26,4,0,19,24,27,22,6,3,19,24,27,22,6,3
E92000001,England,E12000005,West Midlands,E08000029,Solihull,334,87.4,15,11.8,47.6,54,19.7,19.7,18,22,20,1140,5,0,13.4,27.7,23,16.5,6.8,15,32,26,19,8,0,22.8,19.4,22.5,17.5,x,x,26,22,26,20,x,x,102,13,12,54,53,21,21,17,0,14,29,31,19,9,14,28,30,19,9,0,25,27,25,19,x,x,25,26,25,19,x,x
E92000001,England,E12000005,West Midlands,E10000028,Staffordshire,860,383,15,47.2,32,8,24.2,8.9,6,78,17,4560,5,0,58.5,104.2,115.4,86.8,18.1,15,27,30,23,5,0,81.4,95.5,79.8,87.8,26.1,12.4,21,25,21,23,7,3,421,13,50,37,9,25,9,6,0,59,120,125,96,21,14,29,30,23,5,0,86,103,91,98,29,14,20,24,22,23,7,3
E92000001,England,E12000005,West Midlands,E06000021,Stoke-on-Trent,861,187,20,11,18,10,16.4,x,8,5,3,1850,4,0,40,53.7,54.6,30.1,8.6,21,29,29,16,5,0,35.5,46.2,49.3,32.8,19.2,4,19,25,26,18,10,2,212,18,11,18,8,17,x,7,0,41,58,62,38,13,19,27,29,18,6,0,37,52,53,41,24,5,17,25,25,19,11,2
E92000001,England,E12000005,West Midlands,E06000020,Telford and Wrekin,894,123.2,9,16.4,22.3,18,14.6,8.6,11,9,7,1120,4,0,17,41.6,27.5,29.5,7.6,14,34,22,24,6,0,38.8,28.6,29.2,26.6,0,0,31,23,24,22,0,0,128,9,17,23,18,15,9,10,0,17,42,29,32,8,13,33,23,25,6,0,40,30,30,28,0,0,31,23,23,22,0,0
E92000001,England,E12000005,West Midlands,E08000030,Walsall,335,127.8,18,17,17.6,14,48,34.5,27,48,27,1610,5,0,31.8,39.9,32.1,20.9,3,25,31,25,16,2,0,32,47.3,20.8,21.6,x,x,25,37,16,17,x,x,132,18,17,18,14,50,36,27,0,32,41,34,22,3,24,31,26,17,2,0,32,48,21,24,x,x,24,36,16,18,x,x
E92000001,England,E12000005,West Midlands,E10000031,Warwickshire,937,314.9,12,47.8,60.1,19,9,x,3,3,1,3600,5,0,63.1,88.8,78.1,68.7,16.3,20,28,25,22,5,0,67.5,66.1,73.7,84.2,18.7,4.8,21,21,23,27,6,2,346,11,48,61,18,9,x,3,0,67,100,87,74,18,19,29,25,21,5,0,72,70,86,93,20,5,21,20,25,27,6,1
E92000001,England,E12000005,West Midlands,E08000031,Wolverhampton,336,156,18,41,23.5,15,28,28,15,28,15,1880,5,0,24,44,42,37,9,15,28,27,24,6,0,50,35,27,22,17,5,32,22,17,14,11,3,168,17,43,25,15,33,33,16,0,26,48,47,38,9,15,29,28,23,5,0,51,38,30,24,19,6,30,23,18,14,11,4
E92000001,England,E12000005,West Midlands,E10000034,Worcestershire,885,205.4,19,52.2,40.4,20,32.4,30.3,14,65.5,24,2050,4,0,46.7,63.9,57.1,34.9,2.8,23,31,28,17,1,0,76,36.8,48.3,33.5,9.2,1.6,37,18,24,16,4,1,226,17,54,43,19,53,51,19,0,47,73,62,39,5,21,32,27,17,2,0,79,38,54,39,13,3,35,17,24,17,6,1
E92000001,England,E12000006,East ,E06000055,Bedford,822,60.9,23,12,20,33,50,46,45,46,43,660,4,0,6.5,16.6,18.5,15.3,4,11,27,30,25,7,0,12.3,9.5,13.2,18.4,7.5,0,20,16,22,30,12,0,66,22,12,20,30,50,46,43,0,7,18,20,17,4,11,27,30,26,6,0,13,10,15,20,8,0,20,15,23,30,12,0
E92000001,England,E12000006,East ,E10000003,Cambridgeshire,873,223.2,13,44.5,33.6,15,26,26,10,72,24,200,-,0,51,70.6,49.7,47.2,4.6,23,32,22,21,2,0,52.3,68.2,52.3,39.4,8.3,2.6,23,31,23,18,4,1,256,12,47,38,15,26,26,9,0,53,82,55,56,10,21,32,21,22,4,0,58,75,63,47,10,3,23,29,25,18,4,1
E92000001,England,E12000006,East ,E06000056,Central Bedfordshire,823,122.6,12,39,17.4,14,30.8,18.8,20,38.1,24,730,2,0,25.7,47.1,x,25.3,x,21,38,x,21,x,0,67.7,21.3,18.9,x,x,0,55,17,15,x,x,0,129,12,39,19,15,31,19,19,0,26,50,x,27,x,20,39,x,21,x,0,69,22,21,x,x,0,53,17,16,x,x,0
E92000001,England,E12000006,East ,E10000012,Essex,881,687.5,9,89.1,86.5,13,45,45,6,106,13,4410,3,0,95.9,194.6,203.2,155.3,38.4,14,28,30,23,6,0,166.6,201.4,138.4,137.6,35,8.5,24,29,20,20,5,1,729,9,90,90,12,45,45,6,0,97,210,218,161,43,13,29,30,22,6,0,169,211,150,151,37,11,23,29,21,21,5,2
E92000001,England,E12000006,East ,E10000015,Hertfordshire,919,323.3,17,53,62.6,19,50.5,36.4,14,45,12,2830,3,0,91.4,92.3,68,58.1,13.5,28,29,21,18,4,0,102.8,83.4,62.2,62.3,x,x,32,26,19,19,x,x,344,16,54,66,19,63,45,15,0,93,100,75,61,15,27,29,22,18,4,0,106,87,69,68,x,x,31,25,20,20,x,x
E92000001,England,E12000006,East ,E06000032,Luton,821,124.9,20,19.2,16,13,39.4,28.7,24,37.2,23,1340,4,0,12,37.9,35.4,36,3.6,10,30,28,29,3,0,35.2,x,19.7,50.6,x,x,28,x,16,41,x,x,133,19,20,17,13,41,30,24,0,12,41,38,38,4,9,31,29,29,3,0,36,x,22,55,x,x,27,x,17,41,x,x
E92000001,England,E12000006,East ,E10000020,Norfolk,926,369.7,22,67,36.6,10,66,56,15,63.5,15,3510,4,0,64,106.4,89.3,95.5,14.5,17,29,24,26,4,0,130.6,52.4,61.2,88.6,29.5,7.5,35,14,17,24,8,2,402,20,67,41,10,66,56,14,0,64,121,98,102,17,16,30,24,25,4,0,137,56,71,97,33,8,34,14,18,24,8,2
E92000001,England,E12000006,East ,E06000031,Peterborough,874,84,23,7,13.2,16,22,22,21,23,21,620,3,0,x,29,23.3,23.9,x,x,35,28,28,x,0,x,31.2,17.9,21.9,x,0,x,37,21,26,x,0,91,21,7,14,15,22,22,19,0,x,32,25,25,x,x,35,27,27,x,0,x,33,19,25,x,0,x,36,21,27,x,0
E92000001,England,E12000006,East ,E06000033,Southend-on-Sea,882,83.5,12,9.5,9,11,17,8,17,17,17,490,2,0,10.9,26.3,20.5,18.8,7,13,32,25,23,8,0,28.5,25.4,24.6,x,x,0,34,30,29,x,x,0,87,12,10,9,10,17,8,16,0,11,28,22,19,7,13,32,25,22,8,0,30,26,26,x,x,0,34,30,30,x,x,0
E92000001,England,E12000006,East ,E10000029,Suffolk,935,311.3,11,31.1,35.5,11,20.4,14.5,6,27.7,8,2630,3,0,63.7,76.4,79.6,69.1,22.4,20,25,26,22,7,0,62.2,76.3,80.7,72.3,16.7,3.1,20,25,26,23,5,1,340,10,33,43,13,31,20,8,0,65,87,88,72,28,19,26,26,21,8,0,66,82,89,80,19,4,19,24,26,24,6,1
E92000001,England,E12000006,East ,E06000034,Thurrock,883,89,18,22,20,22,27,20,23,27,23,1110,5,0,9,29,33,15,3,10,33,37,17,3,0,35,10,17,16,11,0,39,11,19,18,12,0,89,18,22,20,22,27,20,23,0,9,29,33,15,3,10,33,37,17,3,0,35,10,17,16,11,0,39,11,19,18,12,0
E92000001,England,E12000007,London,E09000002,Barking and Dagenham,301,80,29,24,28,35,74,74,48,77,49,550,3,0,7,22,29,18,4,9,28,36,23,5,0,39,7,4,30,0,0,49,9,5,38,0,0,88,26,24,28,32,74,74,46,0,7,24,31,21,5,8,27,35,24,6,0,41,9,5,33,0,0,47,10,6,38,0,0
E92000001,England,E12000007,London,E09000003,Barnet,302,125,14,11,49.1,39,40,33.1,24,36.1,22,750,2,0,8,32,34,39,12,6,26,27,31,10,0,28,21.6,28.1,35.6,x,x,22,17,22,28,x,x,134,13,11,52,39,40,35,23,0,9,35,37,41,12,7,26,28,31,9,0,30,22,30,40,x,x,22,16,22,30,x,x
E92000001,England,E12000007,London,E09000004,Bexley,303,92.3,19,43.8,31,34,73,61,44,72,44,940,4,0,14.6,20.5,22.8,24,10.5,16,22,25,26,11,0,25,26.5,14.9,18.1,x,x,27,29,16,20,x,x,97,18,44,32,33,73,61,43,0,15,22,25,24,11,15,23,26,25,11,0,25,27,16,19,x,x,26,28,16,20,x,x
E92000001,England,E12000007,London,E09000005,Brent,304,129,15,40.9,14,11,72,63,36,67,34,220,1,0,20.8,46.7,32,23.7,5.8,16,36,25,18,5,0,67.7,25,21.3,10.3,x,x,52,19,16,8,x,x,132,14,41,14,11,72,63,35,0,21,49,32,24,6,16,37,24,18,5,0,68,26,22,11,x,x,52,20,17,8,x,x
E92000001,England,E12000007,London,E09000006,Bromley,305,143.7,16,30.8,24.8,17,31.9,31.9,18,31.9,18,900,2,0,12,34.6,38.1,45,14,8,24,27,31,10,0,25.4,34.9,40.6,35,x,x,18,24,28,24,x,x,150,15,31,25,17,33,33,18,0,12,36,41,47,14,8,24,27,31,9,0,26,35,43,38,x,x,17,23,29,25,x,x
E92000001,England,E12000007,London,E09000007,Camden,202,174.6,12,25.5,34.4,20,23.7,20.1,12,76.5,30,980,2,0,23,77.2,36.5,29.2,8.8,13,44,21,17,5,0,56.5,29.6,46.6,33,6.7,2.3,32,17,27,19,4,1,183,11,27,37,20,32,27,15,0,23,81,39,30,10,13,44,21,16,5,0,57,30,51,35,7,3,31,16,28,19,4,2
E92000001,England,E12000007,London,E09000001,City of London,201,5,7,3,x,x,3.8,0,43,0,0,20,2,0,x,x,x,0,x,x,x,x,0,x,0,x,x,x,0,0,0,x,x,x,0,0,0,5,7,3,x,x,4,0,44,0,x,x,x,0,x,x,x,x,0,x,0,x,x,x,0,0,0,x,x,x,0,0,0
E92000001,England,E12000007,London,E09000008,Croydon,306,184.5,20,37.8,20.2,11,90.9,52.8,33,60,25,830,2,0,24,54,47.5,51.6,7.5,13,29,26,28,4,0,69.3,45.5,35.7,26.8,x,x,38,25,19,15,x,x,188,20,38,21,11,92,53,33,0,24,55,48,53,8,13,29,26,28,4,0,70,46,36,27,x,x,37,24,19,14,x,x
E92000001,England,E12000007,London,E09000009,Ealing,307,156.4,19,31,45.9,29,84,84,35,99,39,1040,3,0,21,56.2,36.6,25.6,17,13,36,23,16,11,0,54.5,26.8,26.6,41.2,x,x,35,17,17,26,x,x,161,18,33,47,29,86,86,35,0,21,57,38,28,17,13,35,24,17,11,0,56,27,27,43,x,x,35,17,17,27,x,x
E92000001,England,E12000007,London,E09000010,Enfield,308,172.4,14,24.5,17.5,10,39,14,18,14,8,1150,3,0,25.8,55.1,31.6,51.5,8.5,15,32,18,30,5,0,59.3,24.8,33.6,44.4,x,x,34,14,19,26,x,x,182,13,25,19,10,39,14,18,0,27,58,33,55,9,15,32,18,30,5,0,63,25,35,47,x,x,35,14,19,26,x,x
E92000001,England,E12000007,London,E09000011,Greenwich,203,197,12,60.8,53,27,23.5,23.5,11,33,14,1500,3,0,23.9,69.5,44.8,53.6,5.3,12,35,23,27,3,0,79.5,28.4,28.8,45.3,10.5,4.5,40,14,15,23,5,2,205,12,61,54,26,24,24,10,0,24,73,47,55,6,12,36,23,27,3,0,80,30,31,48,11,5,39,15,15,23,5,2
E92000001,England,E12000007,London,E09000012,Hackney,204,147.7,19,28,16.6,11,53.4,40.4,27,47.5,24,490,1,0,30.3,71.2,28.4,x,x,21,48,19,x,x,0,45,46.4,39,10.3,x,x,30,31,26,7,x,x,153,19,28,18,12,54,41,26,0,31,75,29,x,x,20,49,19,x,x,0,45,48,42,11,x,x,29,31,27,7,x,x
E92000001,England,E12000007,London,E09000013,Hammersmith and Fulham,205,132,12,22,14,11,18,16,12,16,11,540,2,0,17,47.4,35.6,28.6,3,13,36,27,22,2,0,38,27.8,25.7,22.1,x,x,29,21,19,17,x,x,137,11,22,16,12,18,16,12,0,17,51,36,30,3,12,37,26,22,2,0,38,28,29,23,x,x,28,20,21,17,x,x
E92000001,England,E12000007,London,E09000014,Haringey,309,157.4,15,19.8,44.7,28,69,33.8,30,65,29,1160,3,0,12,39.8,40.6,52.7,12.3,8,25,26,34,8,0,28.6,46.8,35.3,35.7,8,3,18,30,22,23,5,2,163,15,20,47,29,80,37,33,0,12,41,42,54,14,7,25,26,33,9,0,29,47,38,38,8,3,18,29,23,23,5,2
E92000001,England,E12000007,London,E09000015,Harrow,310,103.5,15,33.9,23.9,23,49,38,32,38,27,700,3,0,13,33.2,21.3,29.7,6.4,13,32,21,29,6,0,45,26.6,x,17.9,x,0,44,26,x,17,x,0,109,15,36,26,24,49,38,31,0,13,34,24,31,7,12,31,22,28,6,0,48,28,x,19,x,0,44,26,x,17,x,0
E92000001,England,E12000007,London,E09000016,Havering,311,49.6,34,14,14.1,28,42,34,46,34,41,600,5,0,11,15,17.6,x,x,22,30,35,x,x,0,24,9.6,11,x,x,0,48,19,22,x,x,0,50,33,14,15,30,42,34,46,0,11,15,18,x,x,22,30,36,x,x,0,24,10,11,x,x,0,48,20,22,x,x,0
E92000001,England,E12000007,London,E09000017,Hillingdon,312,79.3,27,13.8,39.3,50,68,68,46,93.2,54,400,2,0,7.8,24.8,20.1,20.5,6,10,31,25,26,8,0,29.3,21.9,10.9,10.7,x,x,37,28,14,13,x,x,83,26,14,40,48,68,68,45,0,8,25,22,21,7,10,30,27,25,8,0,30,23,12,11,x,x,36,28,14,13,x,x
E92000001,England,E12000007,London,E09000018,Hounslow,313,139.2,12,29,27.5,20,17.3,17.3,11,35,20,440,1,0,30,54.5,23.8,22.2,8.7,22,39,17,16,6,0,62.3,35.5,24.8,11.1,x,x,45,26,18,8,x,x,143,12,29,29,20,18,18,11,0,30,55,25,23,10,21,38,17,16,7,0,63,36,26,12,x,x,44,25,18,8,x,x
E92000001,England,E12000007,London,E09000019,Islington,206,194.4,11,48,21.5,11,26,18.5,12,31,14,660,1,0,27,68.1,59.5,35.3,4.5,14,35,31,18,2,0,101,22.5,36.7,25.5,6.6,2.1,52,12,19,13,3,1,204,10,48,22,11,26,19,11,0,27,70,62,38,7,13,34,30,19,3,0,104,24,38,27,7,4,51,12,19,13,3,2
E92000001,England,E12000007,London,E09000020,Kensington and Chelsea,207,154,7,20,22,14,5,5,3,5,3,570,1,0,24.5,57.7,41.9,25.7,4.7,16,37,27,17,3,0,44.6,22.2,30.9,37.7,12.3,6.7,29,14,20,25,8,4,168,6,21,23,14,5,5,3,0,25,60,48,29,6,15,36,29,17,4,0,46,23,34,43,14,8,27,14,20,26,8,5
E92000001,England,E12000007,London,E09000021,Kingston upon Thames,314,67.6,13,13,9.8,14,8,6,11,11,14,590,3,0,14.5,22.6,12.1,14.9,3.5,21,33,18,22,5,0,67.6,0,0,0,0,0,100,0,0,0,0,0,71,13,13,11,15,8,6,10,0,15,23,13,15,5,21,32,18,21,7,0,71,0,0,0,0,0,100,0,0,0,0,0
E92000001,England,E12000007,London,E09000022,Lambeth,208,185.2,18,14,36.9,20,90.1,85.1,33,89,32,3050,7,0,19,33.6,51.6,72.4,8.5,10,18,28,39,5,0,33.6,38.1,42.6,47.5,16.4,7,18,21,23,26,9,4,191,18,14,38,20,97,89,34,0,19,35,54,74,9,10,18,28,39,5,0,34,39,44,49,18,7,18,20,23,26,9,4
E92000001,England,E12000007,London,E09000023,Lewisham,209,159.7,17,31.8,39,24,39.8,28.8,20,46,22,720,2,0,34.5,46.5,36.3,35.9,6.5,22,29,23,22,4,0,59.9,29.4,29.3,32.4,4.7,4,38,18,18,20,3,3,169,16,32,40,24,40,29,19,0,35,48,38,40,8,21,28,22,24,5,0,61,31,32,36,5,4,36,18,19,21,3,2
E92000001,England,E12000007,London,E09000024,Merton,315,101.6,15,33.8,26.5,26,44.2,21.6,30,25,20,490,2,0,19,28.6,23.2,24.1,6.8,19,28,23,24,7,0,38.8,33.8,17.4,11.7,0,0,38,33,17,11,0,0,109,14,35,28,26,45,22,29,0,19,31,25,27,7,17,28,23,25,6,0,40,36,20,13,0,0,37,33,18,12,0,0
E92000001,England,E12000007,London,E09000025,Newham,316,164.1,25,37,35.5,22,51,49,24,49,23,1510,4,0,20,54.3,37.4,47.4,5,12,33,23,29,3,0,69.7,28.5,22.5,31.5,x,x,42,17,14,19,x,x,169,24,37,36,21,51,49,23,0,20,56,38,50,5,12,33,22,30,3,0,71,29,24,32,x,x,42,17,14,19,x,x
E92000001,England,E12000007,London,E09000026,Redbridge,317,130,19,28.5,33,25,43,43,25,43,25,880,3,0,23.5,38.3,31.1,25,12.1,18,29,24,19,9,0,52.7,29.1,18.8,21.5,x,x,40,22,14,17,x,x,138,18,29,34,25,43,43,24,0,24,40,33,28,13,17,29,24,20,9,0,56,31,20,23,x,x,41,22,14,17,x,x
E92000001,England,E12000007,London,E09000027,Richmond upon Thames,318,59,15,17,11,19,12,5,17,8,12,310,2,0,14.5,28,10,x,x,25,47,17,x,x,0,59,0,0,0,0,0,100,0,0,0,0,0,62,14,17,12,19,12,5,16,0,15,29,11,x,x,24,47,18,x,x,0,62,0,0,0,0,0,100,0,0,0,0,0
E92000001,England,E12000007,London,E09000028,Southwark,210,222,15,24,42,19,62,53,22,53,19,2150,4,222,..,..,..,..,..,..,..,..,..,..,222,..,..,..,..,..,..,..,..,..,..,..,..,248,13,24,42,17,62,53,20,0,25,68,74,61,20,10,27,30,25,8,0,97,38,44,52,13,4,39,15,18,21,5,2
E92000001,England,E12000007,London,E09000029,Sutton,319,92.9,21,29,23,25,67,67,42,67,42,600,3,0,18.5,21.6,22.8,23,7,20,23,24,25,8,0,47.4,9.8,17.7,13,x,x,51,11,19,14,x,x,99,20,29,23,23,67,67,40,0,19,24,25,24,7,19,24,25,24,7,0,48,10,22,14,x,x,48,10,22,14,x,x
E92000001,England,E12000007,London,E09000030,Tower Hamlets,211,265.6,9,35.5,42.5,16,41.2,34.2,13,63.4,19,1170,2,0,38.5,73.7,77.6,54.7,21.1,14,28,29,21,8,0,60.1,53.7,78,73.8,0,0,23,20,29,28,0,0,282,9,37,46,16,44,37,13,0,39,81,81,57,24,14,29,29,20,9,0,62,55,86,79,0,0,22,20,30,28,0,0
E92000001,England,E12000007,London,E09000031,Waltham Forest,320,95.9,32,29,22.6,24,50,50,34,45.5,32,410,2,0,10,30,28.5,21.4,6,10,31,30,22,6,0,37,x,23,13.3,13.6,x,39,x,24,14,14,x,102,30,29,24,24,50,50,33,0,10,32,30,23,7,10,31,29,23,7,0,37,x,26,15,15,x,36,x,25,15,15,x
E92000001,England,E12000007,London,E09000032,Wandsworth,212,158,12,29.8,36.4,23,30.3,23.7,16,37.7,19,730,2,0,19,55,36.8,40,7.2,12,35,23,25,5,0,45.9,27.1,41.2,29.8,11,3,29,17,26,19,7,2,165,11,30,41,25,33,26,17,0,19,58,40,40,8,12,35,24,24,5,0,47,29,44,31,11,3,28,18,27,19,7,2
E92000001,England,E12000007,London,E09000033,Westminster,213,148.9,14,35.4,24.4,16,10,5,6,10,6,720,2,0,21.4,53.9,33.6,32.5,7.5,14,36,23,22,5,0,57.2,22.5,21.6,31.3,13.8,2.5,38,15,15,21,9,2,156,14,37,26,17,10,5,6,0,22,56,35,34,9,14,36,22,22,6,0,59,23,23,32,16,3,38,15,15,21,10,2
E92000001,England,E12000008,South East,E06000036,Bracknell Forest,867,52.1,14,9.8,8,15,10.8,8,17,8,13,390,3,0,x,12.2,16.7,12.4,x,x,23,32,24,x,0,17.2,15.3,x,11,x,0,33,29,x,21,x,0,55,14,10,8,15,12,8,18,0,x,13,18,13,x,x,24,33,24,x,0,18,16,x,11,x,0,33,29,x,20,x,0
E92000001,England,E12000008,South East,E06000043,Brighton and Hove,846,201.8,12,20.2,30.6,15,31.8,13.8,14,12,6,1560,3,0,31.2,59.2,59.9,42.3,9.2,15,29,30,21,5,0,73.7,30.8,40.9,44.8,x,x,37,15,20,22,x,x,225,11,21,36,16,32,14,12,0,32,67,69,44,13,14,30,31,20,6,0,77,33,48,54,x,x,34,15,21,24,x,x
E92000001,England,E12000008,South East,E10000002,Buckinghamshire,825,208.1,13,37.1,28.1,14,46.5,37.6,18,103.8,33,1370,3,0,27.5,67.2,45.1,56,12.3,13,32,22,27,6,0,127.8,47.4,24.6,8.3,0,0,61,23,12,4,0,0,222,12,38,31,14,59,41,21,0,28,73,47,59,15,13,33,21,27,7,0,135,51,27,9,0,0,61,23,12,4,0,0
E92000001,England,E12000008,South East,E10000011,East Sussex,845,305.4,11,19,35.8,12,0,0,0,7.5,2,3200,4,0,43.3,83.9,73.1,87.1,18.1,14,27,24,29,6,0,54.1,66.9,69.2,69.5,36,9.7,18,22,23,23,12,3,332,10,21,40,12,0,0,0,0,47,92,81,91,21,14,28,24,27,6,0,57,73,77,77,38,10,17,22,23,23,11,3
E92000001,England,E12000008,South East,E10000014,Hampshire,850,388.9,20,51.4,68.6,18,59.5,51,13,60,13,4050,4,0,68.3,114.5,91,88.8,26.4,18,29,23,23,7,0,107,63.9,218,0,0,0,28,16,56,0,0,0,417,19,52,76,18,61,51,13,0,70,124,97,96,30,17,30,23,23,7,0,110,68,239,0,0,0,26,16,57,0,0,0
E92000001,England,E12000008,South East,E06000046,Isle of Wight,921,74,15,11.5,12.8,17,6,6,8,8,10,360,2,0,11.6,15.6,20.6,23.2,3,16,21,28,31,4,0,25.5,17.6,11.3,15.6,x,x,34,24,15,21,x,x,77,14,12,13,17,6,6,7,0,12,16,22,24,3,16,21,29,31,4,0,26,18,13,16,x,x,34,23,17,21,x,x
E92000001,England,E12000008,South East,E10000016,Kent,886,513.1,18,74.8,71,14,90.4,90.4,15,127,20,2960,2,0,100.7,137.5,135,114.1,25.9,20,27,26,22,5,0,141.3,107.9,99,114.2,44.1,6.7,28,21,19,22,9,1,552,17,78,77,14,91,91,14,0,103,149,144,122,34,19,27,26,22,6,0,144,116,108,125,52,7,26,21,20,23,9,1
E92000001,England,E12000008,South East,E06000035,Medway,887,144,18,35.7,27.1,19,80.1,72.1,36,84.8,37,1200,3,0,26.4,41.1,29.6,35.6,11.2,18,29,21,25,8,0,50,26,29.6,23.8,10.6,4,35,18,21,17,7,3,151,17,36,28,19,81,73,35,0,27,44,31,37,12,18,29,21,25,8,0,50,27,34,25,11,4,33,18,23,17,7,3
E92000001,England,E12000008,South East,E06000042,Milton Keynes,826,120.5,13,18.2,22.9,19,15,11,11,32,21,1130,4,0,15,32.8,32.8,35.5,4.4,12,27,27,29,4,0,27,19.7,29.7,33.1,8.4,2.7,22,16,25,27,7,2,126,13,22,24,19,15,11,11,0,15,35,34,37,5,12,28,27,29,4,0,27,22,30,35,9,3,21,17,24,28,7,2
E92000001,England,E12000008,South East,E10000025,Oxfordshire,931,283.6,14,43.8,39.7,14,35,35,11,44,13,2290,3,0,45.2,61,70.8,82.3,24.4,16,22,25,29,9,0,50.5,65.7,42.1,82,36.7,6.7,18,23,15,29,13,2,346,11,51,50,14,35,35,9,0,50,79,89,97,31,14,23,26,28,9,0,59,80,53,98,48,8,17,23,15,28,14,2
E92000001,England,E12000008,South East,E06000044,Portsmouth,851,167.8,9,29.6,23,14,x,x,x,5,3,1530,4,0,47.4,34.8,37.4,41.4,6.9,28,21,22,25,4,0,56.6,22.9,34.9,33.7,13.6,6,34,14,21,20,8,4,178,8,30,25,14,x,x,x,0,49,37,41,43,8,28,21,23,24,4,0,58,26,37,37,14,6,33,15,21,21,8,3
E92000001,England,E12000008,South East,E06000038,Reading,870,94.9,15,9.9,17.1,18,37.5,22,28,22,19,1350,6,0,12.9,21.2,24.6,33.2,3,14,22,26,35,3,0,18.5,21.4,20.3,22.5,10,2.2,19,23,21,24,11,2,103,14,11,20,19,40,25,28,0,14,22,29,35,3,14,21,28,34,3,0,20,22,22,26,10,3,19,21,21,25,10,3
E92000001,England,E12000008,South East,E06000039,Slough,871,77.3,19,23.4,10.8,14,54,40,41,42,35,650,3,0,x,21.1,27.6,16.4,x,x,27,36,21,x,0,40.1,18.1,x,14.5,x,0,52,23,x,19,x,0,81,18,24,12,15,54,40,40,0,x,22,29,17,x,x,27,36,21,x,0,41,19,x,16,x,0,51,23,x,20,x,0
E92000001,England,E12000008,South East,E06000045,Southampton,852,164.2,8,47,62,38,59.8,34.2,27,41.9,20,1460,4,0,28.8,38.8,48.8,41.6,6.3,18,24,30,25,4,0,28.6,31.1,17.6,57.4,19.4,10.1,17,19,11,35,12,6,177,8,47,62,35,60,35,25,0,30,43,53,44,7,17,24,30,25,4,0,30,32,20,62,21,12,17,18,11,35,12,7
E92000001,England,E12000008,South East,E10000030,Surrey,936,437.8,13,62.6,67.3,15,86,86,16,141,24,3870,3,0,53,135.9,96.6,126.6,25.7,12,31,22,29,6,0,95.8,103.8,94.7,104,28,11.5,22,24,22,24,6,3,483,12,66,74,15,86,86,15,0,53,153,110,136,31,11,32,23,28,6,0,100,113,105,120,32,13,21,23,22,25,7,3
E92000001,England,E12000008,South East,E06000037,West Berkshire,869,72.4,13,22.4,10.4,14,26,12.7,26,17.1,19,500,3,0,9,21.3,20.5,18.5,3,12,29,28,26,4,0,32.2,5.4,20.6,11.2,2.9,0,45,7,28,15,4,0,76,13,25,12,16,27,13,26,0,9,24,21,19,3,12,32,28,25,4,0,33,6,22,12,3,0,43,8,29,16,4,0
E92000001,England,E12000008,South East,E10000032,West Sussex,938,375.4,13,61.1,51.6,14,79,67,17,102.3,21,2120,2,0,53.2,84,100.8,101.8,35.5,14,22,27,27,9,0,81.7,70.8,96.6,90,25.9,10.3,22,19,26,24,7,3,407,12,64,58,14,79,67,16,0,54,94,109,109,41,13,23,27,27,10,0,84,75,106,103,27,12,21,18,26,25,7,3
E92000001,England,E12000008,South East,E06000040,Windsor and Maidenhead,868,54.3,15,5,14.8,27,11,11,17,25,32,510,4,0,11.5,18.1,12,9.8,3,21,33,22,18,6,0,31.9,11,6,x,x,x,59,20,11,x,x,x,58,15,5,15,26,11,11,16,0,12,19,13,11,3,21,33,22,19,5,0,34,12,6,3,x,x,59,21,10,5,x,x
E92000001,England,E12000008,South East,E06000041,Wokingham,872,57.6,9,24.1,17,30,17,17,23,19.5,25,400,3,0,9.6,17.6,11.2,15.1,4,17,31,20,26,7,0,28.4,10.3,3.6,8.6,6.6,0,49,18,6,15,11,0,61,9,25,17,28,17,17,22,0,10,19,12,16,4,16,31,20,26,7,0,29,12,4,9,7,0,48,20,7,15,11,0
E92000001,England,E12000009,South West,E06000022,Bath and North East Somerset,800,73.1,22,28,23.3,32,8.1,8.1,10,11,13,580,3,0,9.8,26.8,12,15.4,9.1,13,37,16,21,12,0,42.6,21.1,4.8,4.5,0,0,58,29,7,6,0,0,83,20,33,26,31,9,9,10,0,10,28,14,19,12,12,34,17,23,14,0,48,24,5,6,0,0,58,29,6,7,0,0
E92000001,England,E12000009,South West,E06000028,Bournemouth,837,135.6,10,69.2,21.9,16,11,11,8,20.4,13,1130,3,0,20,44.6,30.9,31.3,8.7,15,33,23,23,6,0,53.3,29,26,20.6,x,x,39,21,19,15,x,x,145,9,74,25,17,11,11,7,0,20,49,33,34,9,14,34,23,23,6,0,56,31,28,22,x,x,39,21,19,15,x,x
E92000001,England,E12000009,South West,E06000023,"Bristol, City of",801,173.7,18,21.4,40.1,23,2.4,2.4,1,34.2,16,1610,4,0,27.8,60.9,36.1,40.1,8.8,16,35,21,23,5,0,44.5,45,36.1,30.2,15.2,2.7,26,26,21,17,9,2,215,15,30,57,27,3,3,1,0,32,79,44,48,12,15,37,20,22,6,0,56,53,48,39,16,3,26,25,22,18,7,1
E92000001,England,E12000009,South West,E06000052,Cornwall,908,222.4,14,16.2,22.6,10,26.6,18.6,11,44.8,17,1740,3,0,17.8,41.4,58.4,79.5,25.3,8,19,26,36,11,0,37,44.6,32.6,81.6,21.8,4.9,17,20,15,37,10,2,240,13,18,25,10,27,19,10,0,18,45,63,84,30,8,19,26,35,13,0,39,46,36,88,25,6,16,19,15,37,10,3
E92000001,England,E12000009,South West,E10000008,Devon,878,340.9,17,66.3,46.2,14,76.6,55.6,18,89.4,21,3150,4,0,38.2,95.4,85.7,97.6,24,11,28,25,29,7,0,104.1,64.5,59,76.5,32,4.8,31,19,17,22,9,1,372,15,81,68,18,82,61,18,0,39,106,94,106,27,10,28,25,28,7,0,107,72,68,84,36,5,29,19,18,23,10,1
E92000001,England,E12000009,South West,E10000009,Dorset,835,180.9,15,13.4,28.9,16,30,17,14,43.8,19,2290,5,0,16.2,31.7,49.2,64,19.7,9,18,27,35,11,0,30.3,18.5,34.9,56.2,33.6,7.4,17,10,19,31,19,4,205,13,16,37,18,30,17,13,0,17,38,55,68,27,8,19,27,33,13,0,34,20,41,63,37,10,17,10,20,31,18,5
E92000001,England,E12000009,South West,E10000013,Gloucestershire,916,284,11,55.9,33.9,12,30,9.5,10,9.5,3,2450,3,0,55.3,72,74.8,62.8,19.1,19,25,26,22,7,0,82.7,64.1,66.4,52.7,15.1,3,29,23,23,19,5,1,318,10,62,38,12,30,10,9,0,57,81,87,71,22,18,25,27,22,7,0,89,72,74,63,17,3,28,23,23,20,5,1
E92000001,England,E12000009,South West,E06000053,Isles of Scilly,420,x,x,x,x,x,x,x,x,x,x,x,x,x,x,x,x,x,x,x,x,x,x,x,x,x,x,x,x,x,x,x,x,x,x,x,x,x,x,x,x,x,x,x,x,x,x,x,x,x,x,x,x,x,x,x,x,x,x,x,x,x,x,x,x,x,x,x,x
E92000001,England,E12000009,South West,E06000024,North Somerset,802,82.2,16,8.7,26.1,32,25.9,13.1,24,22.8,22,1590,8,0,14.6,23.6,18.3,21,4.7,18,29,22,26,6,0,22.4,20.5,13.3,18,x,x,27,25,16,22,x,x,93,14,10,29,31,30,15,24,0,15,26,22,24,6,16,28,24,26,6,0,25,22,15,21,x,x,27,24,16,23,x,x
E92000001,England,E12000009,South West,E06000026,Plymouth,879,176.8,11,23.1,21,12,13.3,10.2,7,12,6,1040,2,0,23.4,42.4,39.1,58.3,13.6,13,24,22,33,8,0,42.9,35.8,35,39.2,19.9,4,24,20,20,22,11,2,185,10,24,21,11,18,11,9,0,24,45,41,59,16,13,24,22,32,9,0,43,37,38,41,22,4,23,20,21,22,12,2
E92000001,England,E12000009,South West,E06000029,Poole,836,98,13,15,14,14,4.5,4.5,4,4.5,4,2450,10,28,10.5,19.2,21,14.1,5.2,11,20,21,14,5,36,16.1,16.1,10.5,16.3,3.5,0,16,16,11,17,4,0,114,11,17,17,15,5,5,4,33,11,22,23,16,9,10,19,20,14,8,41,19,17,12,20,5,0,17,15,11,18,4,0
E92000001,England,E12000009,South West,E10000027,Somerset,933,197.9,22,31.3,24.4,12,90.3,83.9,31,107,35,980,2,0,28.9,50.8,50.6,53.5,14.1,15,26,26,27,7,0,54.7,33.4,43,47,x,x,28,17,22,24,x,x,214,20,34,26,12,94,87,31,0,29,56,54,58,17,14,26,25,27,8,0,57,37,46,52,x,x,27,17,21,24,x,x
E92000001,England,E12000009,South West,E06000025,South Gloucestershire,803,93.5,15,12,42.7,46,30,..,24,6,6,790,3,0,8.6,34.2,26.3,20.9,3.5,9,37,28,22,4,0,x,23.7,26.3,24.7,8.8,x,x,25,28,26,9,x,105,13,15,46,44,30,..,22,0,9,41,29,22,4,9,39,28,21,4,0,9,26,32,27,x,x,9,25,30,26,x,x
E92000001,England,E12000009,South West,E06000030,Swindon,866,92.4,20,29.1,24,26,37.9,28.9,29,37.1,29,520,2,0,15.9,22.2,18.9,25,10.4,17,24,20,27,11,0,34.5,22.9,17,9.7,3.8,4.4,37,25,18,10,4,5,101,19,30,27,27,39,30,28,0,17,24,21,27,12,17,24,21,27,12,0,36,24,20,12,4,5,36,24,20,12,4,5
E92000001,England,E12000009,South West,E06000027,Torbay,880,97.7,16,8.4,14,14,22,21,18,22,18,580,2,0,8,30,36.2,20,3.5,8,31,37,20,4,0,21,38.2,x,19.5,x,0,22,39,x,20,x,0,107,15,9,15,14,22,21,17,0,8,33,40,22,4,7,31,37,21,4,0,24,41,x,22,x,0,22,38,x,21,x,0
E92000001,England,E12000009,South West,E06000054,Wiltshire,865,180.2,18,32.6,26,14,28,28,13,61.5,25,1560,3,0,37,55.9,39.5,40.8,7,21,31,22,23,4,0,58.3,35.9,31.2,32.1,20.5,2,32,20,17,18,11,1,194,17,34,29,15,41,41,17,0,37,60,42,47,8,19,31,22,24,4,0,60,38,33,36,24,3,31,20,17,19,12,2
